{
  "type": "FeatureCollection",
  "generator": "overpass-turbo",
  "copyright": "The data included in this document is from www.openstreetmap.org. The data is made available under ODbL.",
  "timestamp": "2026-07-12T09:24:59Z",
  "features": [
    {
      "type": "Feature",
      "properties": {
        "@id": "way/1217589847",
        "amenity": "vending_machine",
        "area": "yes",
        "barrier": "toll_booth",
        "building": "yes",
        "payment:cash": "yes",
        "payment:coins": "yes",
        "payment:credit_cards": "yes",
        "payment:debit_cards": "yes",
        "payment:mastercard": "yes",
        "payment:notes": "yes",
        "payment:visa": "yes",
        "vending": "parking_tickets"
      },
      "geometry": {
        "type": "Polygon",
        "coordinates": [
          [
            [
              23.4143431,
              42.6874884
            ],
            [
              23.4144109,
              42.6874309
            ],
            [
              23.4145253,
              42.6875038
            ],
            [
              23.4144576,
              42.6875613
            ],
            [
              23.4144094,
              42.6875306
            ],
            [
              23.4143431,
              42.6874884
            ]
          ]
        ]
      },
      "id": "way/1217589847"
    },
    {
      "type": "Feature",
      "properties": {
        "@id": "node/1410390116",
        "amenity": "vending_machine",
        "check_date": "2022-06-30",
        "name": "Кафеавтомат"
      },
      "geometry": {
        "type": "Point",
        "coordinates": [
          25.9902958,
          43.8487355
        ]
      },
      "id": "node/1410390116"
    },
    {
      "type": "Feature",
      "properties": {
        "@id": "node/1447051585",
        "amenity": "vending_machine"
      },
      "geometry": {
        "type": "Point",
        "coordinates": [
          25.7473896,
          43.2217429
        ]
      },
      "id": "node/1447051585"
    },
    {
      "type": "Feature",
      "properties": {
        "@id": "node/1451908306",
        "amenity": "vending_machine"
      },
      "geometry": {
        "type": "Point",
        "coordinates": [
          27.8280711,
          43.5619445
        ]
      },
      "id": "node/1451908306"
    },
    {
      "type": "Feature",
      "properties": {
        "@id": "node/1730668374",
        "amenity": "vending_machine",
        "vending": "coffee"
      },
      "geometry": {
        "type": "Point",
        "coordinates": [
          24.3276485,
          42.1831697
        ]
      },
      "id": "node/1730668374"
    },
    {
      "type": "Feature",
      "properties": {
        "@id": "node/1839166931",
        "amenity": "vending_machine",
        "name": "Coffe & Tea",
        "vending": "coffee;tea;water;vafels"
      },
      "geometry": {
        "type": "Point",
        "coordinates": [
          27.8587081,
          43.2235024
        ]
      },
      "id": "node/1839166931"
    },
    {
      "type": "Feature",
      "properties": {
        "@id": "node/1967695519",
        "amenity": "vending_machine",
        "vending": "coffee"
      },
      "geometry": {
        "type": "Point",
        "coordinates": [
          27.8995053,
          43.2268537
        ]
      },
      "id": "node/1967695519"
    },
    {
      "type": "Feature",
      "properties": {
        "@id": "node/1977614934",
        "amenity": "vending_machine",
        "vending": "coffee"
      },
      "geometry": {
        "type": "Point",
        "coordinates": [
          25.6185753,
          43.0694211
        ]
      },
      "id": "node/1977614934"
    },
    {
      "type": "Feature",
      "properties": {
        "@id": "node/2268652086",
        "amenity": "vending_machine"
      },
      "geometry": {
        "type": "Point",
        "coordinates": [
          27.7745753,
          42.2355273
        ]
      },
      "id": "node/2268652086"
    },
    {
      "type": "Feature",
      "properties": {
        "@id": "node/2561868394",
        "amenity": "vending_machine",
        "vending": "coffee"
      },
      "geometry": {
        "type": "Point",
        "coordinates": [
          24.7287695,
          41.569412
        ]
      },
      "id": "node/2561868394"
    },
    {
      "type": "Feature",
      "properties": {
        "@id": "node/2562892243",
        "amenity": "vending_machine",
        "vending": "coffee"
      },
      "geometry": {
        "type": "Point",
        "coordinates": [
          24.7314103,
          41.5693838
        ]
      },
      "id": "node/2562892243"
    },
    {
      "type": "Feature",
      "properties": {
        "@id": "node/2783075037",
        "amenity": "vending_machine",
        "vending": "drinks"
      },
      "geometry": {
        "type": "Point",
        "coordinates": [
          28.1509592,
          43.4355295
        ]
      },
      "id": "node/2783075037"
    },
    {
      "type": "Feature",
      "properties": {
        "@id": "node/3039013533",
        "amenity": "vending_machine",
        "check_date": "2024-08-28",
        "payment:coins": "yes",
        "payment:notes": "no",
        "vending": "coffee"
      },
      "geometry": {
        "type": "Point",
        "coordinates": [
          27.9770264,
          42.0608234
        ]
      },
      "id": "node/3039013533"
    },
    {
      "type": "Feature",
      "properties": {
        "@id": "node/3289789361",
        "amenity": "vending_machine",
        "payment:coins": "yes",
        "payment:notes": "yes",
        "vending": "parking_tickets"
      },
      "geometry": {
        "type": "Point",
        "coordinates": [
          24.8443519,
          42.0768266
        ]
      },
      "id": "node/3289789361"
    },
    {
      "type": "Feature",
      "properties": {
        "@id": "node/3470907178",
        "amenity": "vending_machine"
      },
      "geometry": {
        "type": "Point",
        "coordinates": [
          26.5195124,
          43.5266961
        ]
      },
      "id": "node/3470907178"
    },
    {
      "type": "Feature",
      "properties": {
        "@id": "node/3985800272",
        "amenity": "vending_machine"
      },
      "geometry": {
        "type": "Point",
        "coordinates": [
          24.2969888,
          42.0307321
        ]
      },
      "id": "node/3985800272"
    },
    {
      "type": "Feature",
      "properties": {
        "@id": "node/4012305614",
        "amenity": "vending_machine"
      },
      "geometry": {
        "type": "Point",
        "coordinates": [
          27.9428611,
          43.2252732
        ]
      },
      "id": "node/4012305614"
    },
    {
      "type": "Feature",
      "properties": {
        "@id": "node/4038666305",
        "amenity": "vending_machine"
      },
      "geometry": {
        "type": "Point",
        "coordinates": [
          23.8726493,
          42.3331546
        ]
      },
      "id": "node/4038666305"
    },
    {
      "type": "Feature",
      "properties": {
        "@id": "node/4352588094",
        "amenity": "vending_machine",
        "vending": "parking_tickets"
      },
      "geometry": {
        "type": "Point",
        "coordinates": [
          25.9598068,
          43.8571896
        ]
      },
      "id": "node/4352588094"
    },
    {
      "type": "Feature",
      "properties": {
        "@id": "node/4352588095",
        "amenity": "vending_machine",
        "payment:cash": "yes",
        "payment:coins": "yes",
        "vending": "parking_tickets"
      },
      "geometry": {
        "type": "Point",
        "coordinates": [
          25.9603017,
          43.8578834
        ]
      },
      "id": "node/4352588095"
    },
    {
      "type": "Feature",
      "properties": {
        "@id": "node/4379750850",
        "amenity": "vending_machine",
        "vending": "milk"
      },
      "geometry": {
        "type": "Point",
        "coordinates": [
          24.7322383,
          42.1245414
        ]
      },
      "id": "node/4379750850"
    },
    {
      "type": "Feature",
      "properties": {
        "@id": "node/4411384711",
        "amenity": "vending_machine",
        "name": "Кафе машина",
        "vending": "drinks"
      },
      "geometry": {
        "type": "Point",
        "coordinates": [
          24.4175727,
          42.1465267
        ]
      },
      "id": "node/4411384711"
    },
    {
      "type": "Feature",
      "properties": {
        "@id": "node/4411384712",
        "amenity": "vending_machine",
        "name": "Кафе машина",
        "vending": "drinks"
      },
      "geometry": {
        "type": "Point",
        "coordinates": [
          24.4086178,
          42.1484403
        ]
      },
      "id": "node/4411384712"
    },
    {
      "type": "Feature",
      "properties": {
        "@id": "node/4557792836",
        "amenity": "vending_machine",
        "indoor": "yes",
        "operator": "Иновaтив Вендинг Солюшънс ООД",
        "vending": "food;drinks",
        "website": "https://ivending.bg/"
      },
      "geometry": {
        "type": "Point",
        "coordinates": [
          23.3248853,
          42.6886133
        ]
      },
      "id": "node/4557792836"
    },
    {
      "type": "Feature",
      "properties": {
        "@id": "node/4815151082",
        "amenity": "vending_machine",
        "name": "Koffieautomaat",
        "name:en": "Coffee machine",
        "name:nl": "Koffieautomaat",
        "name:tr": "Kahve makinası",
        "vending": "drinks"
      },
      "geometry": {
        "type": "Point",
        "coordinates": [
          24.1642831,
          42.2166274
        ]
      },
      "id": "node/4815151082"
    },
    {
      "type": "Feature",
      "properties": {
        "@id": "node/4829453461",
        "amenity": "vending_machine",
        "vending": "drinks"
      },
      "geometry": {
        "type": "Point",
        "coordinates": [
          26.0826014,
          41.7370772
        ]
      },
      "id": "node/4829453461"
    },
    {
      "type": "Feature",
      "properties": {
        "@id": "node/4847002509",
        "amenity": "vending_machine",
        "vending": "drinks"
      },
      "geometry": {
        "type": "Point",
        "coordinates": [
          23.0595026,
          42.0865994
        ]
      },
      "id": "node/4847002509"
    },
    {
      "type": "Feature",
      "properties": {
        "@id": "node/4920128949",
        "amenity": "vending_machine",
        "check_date": "2024-09-28",
        "vending": "coffee"
      },
      "geometry": {
        "type": "Point",
        "coordinates": [
          27.9206874,
          43.1984793
        ]
      },
      "id": "node/4920128949"
    },
    {
      "type": "Feature",
      "properties": {
        "@id": "node/4969761736",
        "amenity": "vending_machine",
        "check_date": "2022-09-19",
        "payment:coins": "yes",
        "vending": "coffee"
      },
      "geometry": {
        "type": "Point",
        "coordinates": [
          28.00109,
          43.2290603
        ]
      },
      "id": "node/4969761736"
    },
    {
      "type": "Feature",
      "properties": {
        "@id": "node/5390474607",
        "amenity": "vending_machine",
        "payment:coins": "yes",
        "vending": "coffee"
      },
      "geometry": {
        "type": "Point",
        "coordinates": [
          23.472919,
          41.880735
        ]
      },
      "id": "node/5390474607"
    },
    {
      "type": "Feature",
      "properties": {
        "@id": "node/5487327818",
        "amenity": "vending_machine",
        "check_date": "2025-07-12",
        "payment:coins": "yes",
        "vending": "coffee"
      },
      "geometry": {
        "type": "Point",
        "coordinates": [
          27.9264178,
          43.2238756
        ]
      },
      "id": "node/5487327818"
    },
    {
      "type": "Feature",
      "properties": {
        "@id": "node/5487327819",
        "amenity": "vending_machine",
        "check_date": "2025-07-12",
        "payment:coins": "yes",
        "vending": "coffee"
      },
      "geometry": {
        "type": "Point",
        "coordinates": [
          27.9265124,
          43.2242513
        ]
      },
      "id": "node/5487327819"
    },
    {
      "type": "Feature",
      "properties": {
        "@id": "node/5526773258",
        "amenity": "vending_machine",
        "check_date": "2024-03-17",
        "vending": "coffee"
      },
      "geometry": {
        "type": "Point",
        "coordinates": [
          27.9187797,
          43.2236075
        ]
      },
      "id": "node/5526773258"
    },
    {
      "type": "Feature",
      "properties": {
        "@id": "node/5545076513",
        "amenity": "vending_machine",
        "vending": "coffee"
      },
      "geometry": {
        "type": "Point",
        "coordinates": [
          23.2810258,
          42.6641508
        ]
      },
      "id": "node/5545076513"
    },
    {
      "type": "Feature",
      "properties": {
        "@id": "node/5569309757",
        "amenity": "vending_machine",
        "check_date": "2026-06-18",
        "indoor": "yes",
        "vending": "coffee"
      },
      "geometry": {
        "type": "Point",
        "coordinates": [
          27.9255811,
          43.2246805
        ]
      },
      "id": "node/5569309757"
    },
    {
      "type": "Feature",
      "properties": {
        "@id": "node/5569309758",
        "amenity": "vending_machine",
        "check_date": "2021-03-13",
        "vending": "coffee"
      },
      "geometry": {
        "type": "Point",
        "coordinates": [
          27.9265219,
          43.2258023
        ]
      },
      "id": "node/5569309758"
    },
    {
      "type": "Feature",
      "properties": {
        "@id": "node/5586765835",
        "amenity": "vending_machine",
        "check_date": "2024-12-12",
        "vending": "coffee"
      },
      "geometry": {
        "type": "Point",
        "coordinates": [
          27.9343681,
          43.2215459
        ]
      },
      "id": "node/5586765835"
    },
    {
      "type": "Feature",
      "properties": {
        "@id": "node/5624020278",
        "amenity": "vending_machine",
        "check_date": "2023-07-20",
        "vending": "coffee"
      },
      "geometry": {
        "type": "Point",
        "coordinates": [
          23.3732066,
          42.6437159
        ]
      },
      "id": "node/5624020278"
    },
    {
      "type": "Feature",
      "properties": {
        "@id": "node/5667077234",
        "amenity": "vending_machine",
        "vending": "coffee"
      },
      "geometry": {
        "type": "Point",
        "coordinates": [
          23.6374629,
          42.5610852
        ]
      },
      "id": "node/5667077234"
    },
    {
      "type": "Feature",
      "properties": {
        "@id": "node/5679729147",
        "amenity": "vending_machine",
        "payment:cash": "yes",
        "payment:coins": "yes",
        "vending": "parking_tickets"
      },
      "geometry": {
        "type": "Point",
        "coordinates": [
          27.8874919,
          42.7542684
        ]
      },
      "id": "node/5679729147"
    },
    {
      "type": "Feature",
      "properties": {
        "@id": "node/5695425750",
        "amenity": "vending_machine",
        "vending": "coffee"
      },
      "geometry": {
        "type": "Point",
        "coordinates": [
          27.8879883,
          42.7553978
        ]
      },
      "id": "node/5695425750"
    },
    {
      "type": "Feature",
      "properties": {
        "@id": "node/5702798885",
        "amenity": "vending_machine",
        "vending": "coffee"
      },
      "geometry": {
        "type": "Point",
        "coordinates": [
          27.7143152,
          42.7061352
        ]
      },
      "id": "node/5702798885"
    },
    {
      "type": "Feature",
      "properties": {
        "@id": "node/5736358910",
        "amenity": "vending_machine",
        "vending": "coffee"
      },
      "geometry": {
        "type": "Point",
        "coordinates": [
          27.1496667,
          43.8050933
        ]
      },
      "id": "node/5736358910"
    },
    {
      "type": "Feature",
      "properties": {
        "@id": "node/5736368566",
        "amenity": "vending_machine",
        "vending": "coffee"
      },
      "geometry": {
        "type": "Point",
        "coordinates": [
          27.1401032,
          43.8186511
        ]
      },
      "id": "node/5736368566"
    },
    {
      "type": "Feature",
      "properties": {
        "@id": "node/5736368567",
        "amenity": "vending_machine",
        "vending": "coffee"
      },
      "geometry": {
        "type": "Point",
        "coordinates": [
          27.1422348,
          43.8193493
        ]
      },
      "id": "node/5736368567"
    },
    {
      "type": "Feature",
      "properties": {
        "@id": "node/5737182514",
        "amenity": "vending_machine"
      },
      "geometry": {
        "type": "Point",
        "coordinates": [
          27.1417254,
          43.8276625
        ]
      },
      "id": "node/5737182514"
    },
    {
      "type": "Feature",
      "properties": {
        "@id": "node/5893062072",
        "amenity": "vending_machine",
        "vending": "sweets"
      },
      "geometry": {
        "type": "Point",
        "coordinates": [
          23.304919,
          42.7062235
        ]
      },
      "id": "node/5893062072"
    },
    {
      "type": "Feature",
      "properties": {
        "@id": "node/5893065587",
        "amenity": "vending_machine",
        "vending": "drinks"
      },
      "geometry": {
        "type": "Point",
        "coordinates": [
          23.3049202,
          42.7062434
        ]
      },
      "id": "node/5893065587"
    },
    {
      "type": "Feature",
      "properties": {
        "@id": "node/5964119724",
        "amenity": "vending_machine",
        "vending": "coffee"
      },
      "geometry": {
        "type": "Point",
        "coordinates": [
          25.5759586,
          42.3067267
        ]
      },
      "id": "node/5964119724"
    },
    {
      "type": "Feature",
      "properties": {
        "@id": "node/6038676830",
        "amenity": "vending_machine",
        "payment:coins": "yes",
        "payment:mastercard": "yes",
        "payment:notes": "yes",
        "payment:visa": "yes",
        "vending": "parking_tickets"
      },
      "geometry": {
        "type": "Point",
        "coordinates": [
          27.8269394,
          43.2377915
        ]
      },
      "id": "node/6038676830"
    },
    {
      "type": "Feature",
      "properties": {
        "@id": "node/6038676844",
        "amenity": "vending_machine",
        "check_date": "2023-05-05",
        "indoor": "yes",
        "vending": "parking_tickets"
      },
      "geometry": {
        "type": "Point",
        "coordinates": [
          27.8263856,
          43.2373488
        ]
      },
      "id": "node/6038676844"
    },
    {
      "type": "Feature",
      "properties": {
        "@id": "node/6067344412",
        "amenity": "vending_machine",
        "vending": "coffee"
      },
      "geometry": {
        "type": "Point",
        "coordinates": [
          27.9209885,
          43.2006301
        ]
      },
      "id": "node/6067344412"
    },
    {
      "type": "Feature",
      "properties": {
        "@id": "node/6139527013",
        "amenity": "vending_machine",
        "payment:coins": "yes",
        "vending": "coffee"
      },
      "geometry": {
        "type": "Point",
        "coordinates": [
          24.7346471,
          42.124698
        ]
      },
      "id": "node/6139527013"
    },
    {
      "type": "Feature",
      "properties": {
        "@id": "node/6154481906",
        "amenity": "vending_machine",
        "check_date": "2024-07-18",
        "vending": "coffee"
      },
      "geometry": {
        "type": "Point",
        "coordinates": [
          27.8935951,
          43.2258942
        ]
      },
      "id": "node/6154481906"
    },
    {
      "type": "Feature",
      "properties": {
        "@id": "node/6156546269",
        "amenity": "vending_machine",
        "check_date": "2023-08-05",
        "vending": "coffee"
      },
      "geometry": {
        "type": "Point",
        "coordinates": [
          27.9151131,
          43.2026615
        ]
      },
      "id": "node/6156546269"
    },
    {
      "type": "Feature",
      "properties": {
        "@id": "node/6412636796",
        "amenity": "vending_machine",
        "vending": "coffee"
      },
      "geometry": {
        "type": "Point",
        "coordinates": [
          25.6060028,
          43.0724222
        ]
      },
      "id": "node/6412636796"
    },
    {
      "type": "Feature",
      "properties": {
        "@id": "node/6412636809",
        "amenity": "vending_machine",
        "vending": "coffee"
      },
      "geometry": {
        "type": "Point",
        "coordinates": [
          25.6072343,
          43.0719643
        ]
      },
      "id": "node/6412636809"
    },
    {
      "type": "Feature",
      "properties": {
        "@id": "node/6412636818",
        "amenity": "vending_machine",
        "vending": "coffee"
      },
      "geometry": {
        "type": "Point",
        "coordinates": [
          25.6075733,
          43.0713555
        ]
      },
      "id": "node/6412636818"
    },
    {
      "type": "Feature",
      "properties": {
        "@id": "node/6416108099",
        "amenity": "vending_machine",
        "vending": "coffee"
      },
      "geometry": {
        "type": "Point",
        "coordinates": [
          25.6221137,
          43.0846038
        ]
      },
      "id": "node/6416108099"
    },
    {
      "type": "Feature",
      "properties": {
        "@id": "node/6416108104",
        "amenity": "vending_machine",
        "vending": "coffee"
      },
      "geometry": {
        "type": "Point",
        "coordinates": [
          25.611652,
          43.0728704
        ]
      },
      "id": "node/6416108104"
    },
    {
      "type": "Feature",
      "properties": {
        "@id": "node/6427541695",
        "amenity": "vending_machine",
        "name": "BELLA",
        "vending": "food"
      },
      "geometry": {
        "type": "Point",
        "coordinates": [
          23.7856175,
          42.906901
        ]
      },
      "id": "node/6427541695"
    },
    {
      "type": "Feature",
      "properties": {
        "@id": "node/6438460063",
        "amenity": "vending_machine",
        "vending": "cofee, tea"
      },
      "geometry": {
        "type": "Point",
        "coordinates": [
          27.8891304,
          43.2373698
        ]
      },
      "id": "node/6438460063"
    },
    {
      "type": "Feature",
      "properties": {
        "@id": "node/6467634553",
        "amenity": "vending_machine",
        "check_date": "2022-07-25",
        "vending": "coffee"
      },
      "geometry": {
        "type": "Point",
        "coordinates": [
          27.9105673,
          43.2144821
        ]
      },
      "id": "node/6467634553"
    },
    {
      "type": "Feature",
      "properties": {
        "@id": "node/6512227720",
        "amenity": "vending_machine",
        "vending": "coffee"
      },
      "geometry": {
        "type": "Point",
        "coordinates": [
          27.7119358,
          42.7046519
        ]
      },
      "id": "node/6512227720"
    },
    {
      "type": "Feature",
      "properties": {
        "@id": "node/6540476451",
        "amenity": "vending_machine",
        "check_date": "2025-03-15",
        "vending": "drinks"
      },
      "geometry": {
        "type": "Point",
        "coordinates": [
          23.3185933,
          42.7010688
        ]
      },
      "id": "node/6540476451"
    },
    {
      "type": "Feature",
      "properties": {
        "@id": "node/6567538359",
        "amenity": "vending_machine",
        "vending": "drinks"
      },
      "geometry": {
        "type": "Point",
        "coordinates": [
          23.2925516,
          42.7101653
        ]
      },
      "id": "node/6567538359"
    },
    {
      "type": "Feature",
      "properties": {
        "@id": "node/6572277647",
        "amenity": "vending_machine",
        "payment:coins": "yes",
        "vending": "coffee"
      },
      "geometry": {
        "type": "Point",
        "coordinates": [
          27.9396486,
          43.2165514
        ]
      },
      "id": "node/6572277647"
    },
    {
      "type": "Feature",
      "properties": {
        "@id": "node/6578553220",
        "amenity": "vending_machine",
        "vending": "drinks"
      },
      "geometry": {
        "type": "Point",
        "coordinates": [
          22.9669106,
          42.5484569
        ]
      },
      "id": "node/6578553220"
    },
    {
      "type": "Feature",
      "properties": {
        "@id": "node/6588421616",
        "amenity": "vending_machine",
        "vending": "drinks"
      },
      "geometry": {
        "type": "Point",
        "coordinates": [
          23.3057919,
          42.7089033
        ]
      },
      "id": "node/6588421616"
    },
    {
      "type": "Feature",
      "properties": {
        "@id": "node/6593179148",
        "amenity": "vending_machine",
        "vending": "drinks"
      },
      "geometry": {
        "type": "Point",
        "coordinates": [
          23.7060441,
          42.6936333
        ]
      },
      "id": "node/6593179148"
    },
    {
      "type": "Feature",
      "properties": {
        "@id": "node/6618229971",
        "amenity": "vending_machine",
        "check_date": "2025-03-16",
        "level": "-1",
        "vending": "drinks"
      },
      "geometry": {
        "type": "Point",
        "coordinates": [
          23.3505278,
          42.6715472
        ]
      },
      "id": "node/6618229971"
    },
    {
      "type": "Feature",
      "properties": {
        "@id": "node/6646083246",
        "amenity": "vending_machine",
        "vending": "coffee"
      },
      "geometry": {
        "type": "Point",
        "coordinates": [
          27.9147947,
          43.2017527
        ]
      },
      "id": "node/6646083246"
    },
    {
      "type": "Feature",
      "properties": {
        "@id": "node/6658605410",
        "addr:housenumber": "20",
        "addr:street": "Петър Райчев",
        "amenity": "vending_machine",
        "check_date": "2024-10-29",
        "level": "0",
        "payment:cash": "yes",
        "payment:coins": "yes",
        "payment:credit_cards": "yes",
        "payment:debit_cards": "yes",
        "vending": "coffee"
      },
      "geometry": {
        "type": "Point",
        "coordinates": [
          27.9263793,
          43.2236917
        ]
      },
      "id": "node/6658605410"
    },
    {
      "type": "Feature",
      "properties": {
        "@id": "node/6681507884",
        "amenity": "vending_machine",
        "check_date": "2023-06-22",
        "payment:coins": "yes",
        "vending": "coffee"
      },
      "geometry": {
        "type": "Point",
        "coordinates": [
          25.6056259,
          41.8258565
        ]
      },
      "id": "node/6681507884"
    },
    {
      "type": "Feature",
      "properties": {
        "@id": "node/6681514185",
        "amenity": "vending_machine",
        "payment:coins": "yes",
        "vending": "coffee"
      },
      "geometry": {
        "type": "Point",
        "coordinates": [
          25.6007757,
          41.8266738
        ]
      },
      "id": "node/6681514185"
    },
    {
      "type": "Feature",
      "properties": {
        "@id": "node/6695265978",
        "amenity": "vending_machine",
        "vending": "drinks"
      },
      "geometry": {
        "type": "Point",
        "coordinates": [
          23.3102608,
          42.7011315
        ]
      },
      "id": "node/6695265978"
    },
    {
      "type": "Feature",
      "properties": {
        "@id": "node/6720923527",
        "amenity": "vending_machine",
        "vending": "food;drinks;sweets"
      },
      "geometry": {
        "type": "Point",
        "coordinates": [
          24.6760105,
          41.5813578
        ]
      },
      "id": "node/6720923527"
    },
    {
      "type": "Feature",
      "properties": {
        "@id": "node/6735345243",
        "amenity": "vending_machine",
        "payment:coins": "yes",
        "payment:mastercard": "yes",
        "payment:notes": "yes",
        "payment:visa": "yes",
        "vending": "parking_tickets"
      },
      "geometry": {
        "type": "Point",
        "coordinates": [
          27.8317501,
          43.2377993
        ]
      },
      "id": "node/6735345243"
    },
    {
      "type": "Feature",
      "properties": {
        "@id": "node/6779092655",
        "amenity": "vending_machine",
        "check_date": "2022-08-11",
        "operator": "Spetema",
        "vending": "coffee"
      },
      "geometry": {
        "type": "Point",
        "coordinates": [
          27.6969817,
          42.415181
        ]
      },
      "id": "node/6779092655"
    },
    {
      "type": "Feature",
      "properties": {
        "@id": "node/6794903898",
        "amenity": "vending_machine",
        "payment:coins": "yes",
        "vending": "coffee"
      },
      "geometry": {
        "type": "Point",
        "coordinates": [
          25.5795483,
          41.930156
        ]
      },
      "id": "node/6794903898"
    },
    {
      "type": "Feature",
      "properties": {
        "@id": "node/6812629061",
        "amenity": "vending_machine",
        "check_date": "2022-07-10",
        "name": "Кафе автомат",
        "name:de": "Kaffeeautomat",
        "vending": "coffee"
      },
      "geometry": {
        "type": "Point",
        "coordinates": [
          27.919662,
          43.2033024
        ]
      },
      "id": "node/6812629061"
    },
    {
      "type": "Feature",
      "properties": {
        "@id": "node/6813010365",
        "amenity": "vending_machine",
        "check_date": "2024-07-06",
        "vending": "coffee"
      },
      "geometry": {
        "type": "Point",
        "coordinates": [
          27.9192024,
          43.203092
        ]
      },
      "id": "node/6813010365"
    },
    {
      "type": "Feature",
      "properties": {
        "@id": "node/6830648715",
        "amenity": "vending_machine",
        "check_date": "2024-06-28",
        "name": "Кафе автомат",
        "name:de": "Kaffeeautomat",
        "vending": "coffee"
      },
      "geometry": {
        "type": "Point",
        "coordinates": [
          27.9201414,
          43.2040717
        ]
      },
      "id": "node/6830648715"
    },
    {
      "type": "Feature",
      "properties": {
        "@id": "node/6858676091",
        "amenity": "vending_machine",
        "vending": "drinks"
      },
      "geometry": {
        "type": "Point",
        "coordinates": [
          24.8728917,
          41.9865392
        ]
      },
      "id": "node/6858676091"
    },
    {
      "type": "Feature",
      "properties": {
        "@id": "node/6899052144",
        "amenity": "vending_machine",
        "check_date": "2025-12-23",
        "vending": "public_transport_tickets"
      },
      "geometry": {
        "type": "Point",
        "coordinates": [
          23.3022963,
          42.7265618
        ]
      },
      "id": "node/6899052144"
    },
    {
      "type": "Feature",
      "properties": {
        "@id": "node/6916437696",
        "amenity": "vending_machine",
        "payment:coins": "yes",
        "vending": "milk;drinks;cafe"
      },
      "geometry": {
        "type": "Point",
        "coordinates": [
          23.5578791,
          43.2086702
        ]
      },
      "id": "node/6916437696"
    },
    {
      "type": "Feature",
      "properties": {
        "@id": "node/6943828908",
        "amenity": "vending_machine",
        "covered": "no",
        "operator": "Supermarket Vezhen",
        "payment:coins": "yes",
        "vending": "coffee"
      },
      "geometry": {
        "type": "Point",
        "coordinates": [
          23.5639552,
          43.195008
        ]
      },
      "id": "node/6943828908"
    },
    {
      "type": "Feature",
      "properties": {
        "@id": "node/6943828918",
        "addr:city": "Враца",
        "addr:country": "BG",
        "amenity": "vending_machine",
        "blind": "yes",
        "covered": "no",
        "indoor": "no",
        "min_age": "18",
        "payment:coins": "yes",
        "source_type_GPS": "43.197161 23.562382",
        "vending": "cigarettes"
      },
      "geometry": {
        "type": "Point",
        "coordinates": [
          23.5623718,
          43.197173
        ]
      },
      "id": "node/6943828918"
    },
    {
      "type": "Feature",
      "properties": {
        "@id": "node/6954948860",
        "amenity": "vending_machine",
        "payment:coins": "yes",
        "vending": "coffee"
      },
      "geometry": {
        "type": "Point",
        "coordinates": [
          25.5576957,
          41.9383282
        ]
      },
      "id": "node/6954948860"
    },
    {
      "type": "Feature",
      "properties": {
        "@id": "node/6960162049",
        "amenity": "vending_machine",
        "payment:coins": "only",
        "source_type_GPS": "43.194559 23.568535",
        "vending": "coffee"
      },
      "geometry": {
        "type": "Point",
        "coordinates": [
          23.5685701,
          43.1945195
        ]
      },
      "id": "node/6960162049"
    },
    {
      "type": "Feature",
      "properties": {
        "@id": "node/6992823509",
        "amenity": "vending_machine",
        "covered": "no",
        "indoor": "no",
        "payment:coins": "yes",
        "vending": "coffee"
      },
      "geometry": {
        "type": "Point",
        "coordinates": [
          23.567422,
          43.1951739
        ]
      },
      "id": "node/6992823509"
    },
    {
      "type": "Feature",
      "properties": {
        "@id": "node/6992823521",
        "amenity": "vending_machine",
        "covered": "no",
        "indoor": "no",
        "payment:coins": "yes",
        "vending": "coffee"
      },
      "geometry": {
        "type": "Point",
        "coordinates": [
          23.5675686,
          43.1954988
        ]
      },
      "id": "node/6992823521"
    },
    {
      "type": "Feature",
      "properties": {
        "@id": "node/6992823566",
        "amenity": "vending_machine",
        "indoor": "no",
        "payment:coins": "yes",
        "vending": "coffee"
      },
      "geometry": {
        "type": "Point",
        "coordinates": [
          23.570319,
          43.1940134
        ]
      },
      "id": "node/6992823566"
    },
    {
      "type": "Feature",
      "properties": {
        "@id": "node/7011658078",
        "amenity": "vending_machine",
        "check_date": "2022-05-14",
        "payment:coins": "yes",
        "vending": "coffee"
      },
      "geometry": {
        "type": "Point",
        "coordinates": [
          25.5498818,
          41.9339506
        ]
      },
      "id": "node/7011658078"
    },
    {
      "type": "Feature",
      "properties": {
        "@id": "node/7015130414",
        "amenity": "vending_machine",
        "blind": "yes",
        "covered": "no",
        "indoor": "no",
        "payment:coins": "yes",
        "vending": "coffee"
      },
      "geometry": {
        "type": "Point",
        "coordinates": [
          23.5669814,
          43.2051751
        ]
      },
      "id": "node/7015130414"
    },
    {
      "type": "Feature",
      "properties": {
        "@id": "node/7015130416",
        "amenity": "vending_machine",
        "blind": "yes",
        "covered": "no",
        "indoor": "no",
        "opening_hours": "24/7",
        "payment:coins": "yes",
        "vending": "coffee"
      },
      "geometry": {
        "type": "Point",
        "coordinates": [
          23.5665735,
          43.205586
        ]
      },
      "id": "node/7015130416"
    },
    {
      "type": "Feature",
      "properties": {
        "@id": "node/7112990804",
        "addr:city": "Враца",
        "addr:country": "BG",
        "amenity": "vending_machine",
        "covered": "no",
        "indoor": "no",
        "name": "Caffee",
        "payment:coins": "yes",
        "source_type_GPS": "43.195372 23.566756",
        "vending": "coffee"
      },
      "geometry": {
        "type": "Point",
        "coordinates": [
          23.5666156,
          43.1954565
        ]
      },
      "id": "node/7112990804"
    },
    {
      "type": "Feature",
      "properties": {
        "@id": "node/7166715943",
        "amenity": "vending_machine",
        "vending": "coffee"
      },
      "geometry": {
        "type": "Point",
        "coordinates": [
          23.2480255,
          42.7267936
        ]
      },
      "id": "node/7166715943"
    },
    {
      "type": "Feature",
      "properties": {
        "@id": "node/7195150043",
        "amenity": "vending_machine",
        "covered": "no",
        "indoor": "no",
        "payment:coins": "yes",
        "vending": "coffee"
      },
      "geometry": {
        "type": "Point",
        "coordinates": [
          23.5613796,
          43.2066904
        ]
      },
      "id": "node/7195150043"
    },
    {
      "type": "Feature",
      "properties": {
        "@id": "node/7197701998",
        "amenity": "vending_machine",
        "indoor": "no",
        "opening_hours": "24/7",
        "payment:coins": "yes",
        "source_type_GPS": "43.206674 23.560230",
        "vending": "coffee"
      },
      "geometry": {
        "type": "Point",
        "coordinates": [
          23.560528,
          43.2069716
        ]
      },
      "id": "node/7197701998"
    },
    {
      "type": "Feature",
      "properties": {
        "@id": "node/7217107738",
        "amenity": "vending_machine",
        "payment:coins": "yes",
        "vending": "coffee"
      },
      "geometry": {
        "type": "Point",
        "coordinates": [
          24.8692717,
          42.0142924
        ]
      },
      "id": "node/7217107738"
    },
    {
      "type": "Feature",
      "properties": {
        "@id": "node/7223252304",
        "addr:city": "Враца",
        "addr:country": "BG",
        "addr:housenumber": "28",
        "addr:street": "Козлодуйски бряг",
        "amenity": "vending_machine",
        "covered": "no",
        "opening_hours": "24/7",
        "payment:coins": "yes",
        "source_type_GPS": "43.203895 23.562398",
        "vending": "coffee"
      },
      "geometry": {
        "type": "Point",
        "coordinates": [
          23.5623551,
          43.2038469
        ]
      },
      "id": "node/7223252304"
    },
    {
      "type": "Feature",
      "properties": {
        "@id": "node/7256615785",
        "amenity": "vending_machine",
        "check_date": "2025-08-29",
        "vending": "drinks"
      },
      "geometry": {
        "type": "Point",
        "coordinates": [
          23.3117705,
          42.7150316
        ]
      },
      "id": "node/7256615785"
    },
    {
      "type": "Feature",
      "properties": {
        "@id": "node/7257233530",
        "amenity": "vending_machine",
        "vending": "coffee"
      },
      "geometry": {
        "type": "Point",
        "coordinates": [
          23.2509224,
          42.7162471
        ]
      },
      "id": "node/7257233530"
    },
    {
      "type": "Feature",
      "properties": {
        "@id": "node/7264389970",
        "addr:city": "Враца",
        "addr:country": "BG",
        "addr:housenumber": "11",
        "addr:neighbourhood": "Vratsa Center",
        "addr:street": "Спортна",
        "amenity": "vending_machine",
        "covered": "no",
        "indoor": "no",
        "payment:coins": "yes",
        "source_type_GPS": "43.200154 23.562863",
        "vending": "coffee"
      },
      "geometry": {
        "type": "Point",
        "coordinates": [
          23.5627973,
          43.2000694
        ]
      },
      "id": "node/7264389970"
    },
    {
      "type": "Feature",
      "properties": {
        "@id": "node/7281713933",
        "amenity": "vending_machine",
        "vending": "drinks"
      },
      "geometry": {
        "type": "Point",
        "coordinates": [
          23.8040709,
          42.9111168
        ]
      },
      "id": "node/7281713933"
    },
    {
      "type": "Feature",
      "properties": {
        "@id": "node/7294281963",
        "amenity": "vending_machine",
        "vending": "drinks"
      },
      "geometry": {
        "type": "Point",
        "coordinates": [
          23.3085026,
          42.7099614
        ]
      },
      "id": "node/7294281963"
    },
    {
      "type": "Feature",
      "properties": {
        "@id": "node/7431146069",
        "amenity": "vending_machine",
        "check_date": "2026-03-13",
        "source": "https://www.plovdiv.bg/sms-parking/",
        "vending": "parking_tickets"
      },
      "geometry": {
        "type": "Point",
        "coordinates": [
          24.7501043,
          42.1396851
        ]
      },
      "id": "node/7431146069"
    },
    {
      "type": "Feature",
      "properties": {
        "@id": "node/7431146071",
        "amenity": "vending_machine",
        "source": "https://www.plovdiv.bg/sms-parking/",
        "vending": "parking_tickets"
      },
      "geometry": {
        "type": "Point",
        "coordinates": [
          24.752854,
          42.1416865
        ]
      },
      "id": "node/7431146071"
    },
    {
      "type": "Feature",
      "properties": {
        "@id": "node/7431146072",
        "amenity": "vending_machine",
        "check_date": "2024-09-04",
        "source": "https://www.plovdiv.bg/sms-parking/",
        "vending": "parking_tickets"
      },
      "geometry": {
        "type": "Point",
        "coordinates": [
          24.7452397,
          42.1531695
        ]
      },
      "id": "node/7431146072"
    },
    {
      "type": "Feature",
      "properties": {
        "@id": "node/7431146073",
        "amenity": "vending_machine",
        "check_date": "2025-10-29",
        "source": "https://www.plovdiv.bg/sms-parking/",
        "vending": "parking_tickets"
      },
      "geometry": {
        "type": "Point",
        "coordinates": [
          24.7558882,
          42.1421176
        ]
      },
      "id": "node/7431146073"
    },
    {
      "type": "Feature",
      "properties": {
        "@id": "node/7431146074",
        "amenity": "vending_machine",
        "check_date": "2025-08-02",
        "source": "https://www.plovdiv.bg/sms-parking/",
        "vending": "parking_tickets"
      },
      "geometry": {
        "type": "Point",
        "coordinates": [
          24.7450397,
          42.1563003
        ]
      },
      "id": "node/7431146074"
    },
    {
      "type": "Feature",
      "properties": {
        "@id": "node/7431146075",
        "amenity": "vending_machine",
        "source": "https://www.plovdiv.bg/sms-parking/",
        "vending": "parking_tickets"
      },
      "geometry": {
        "type": "Point",
        "coordinates": [
          24.7474526,
          42.152367
        ]
      },
      "id": "node/7431146075"
    },
    {
      "type": "Feature",
      "properties": {
        "@id": "node/7431146076",
        "amenity": "vending_machine",
        "operator": "Община Пловдив",
        "vending": "parking_tickets"
      },
      "geometry": {
        "type": "Point",
        "coordinates": [
          24.7409933,
          42.1591999
        ]
      },
      "id": "node/7431146076"
    },
    {
      "type": "Feature",
      "properties": {
        "@id": "node/7431146077",
        "amenity": "vending_machine",
        "check_date": "2024-10-29",
        "source": "https://www.plovdiv.bg/sms-parking/",
        "vending": "parking_tickets"
      },
      "geometry": {
        "type": "Point",
        "coordinates": [
          24.7541478,
          42.1464508
        ]
      },
      "id": "node/7431146077"
    },
    {
      "type": "Feature",
      "properties": {
        "@id": "node/7431146078",
        "amenity": "vending_machine",
        "check_date": "2025-10-25",
        "source": "https://www.plovdiv.bg/sms-parking/",
        "vending": "parking_tickets"
      },
      "geometry": {
        "type": "Point",
        "coordinates": [
          24.745963,
          42.1476935
        ]
      },
      "id": "node/7431146078"
    },
    {
      "type": "Feature",
      "properties": {
        "@id": "node/7431146079",
        "amenity": "vending_machine",
        "check_date": "2025-11-17",
        "source": "https://www.plovdiv.bg/sms-parking/",
        "vending": "parking_tickets"
      },
      "geometry": {
        "type": "Point",
        "coordinates": [
          24.7501667,
          42.1381414
        ]
      },
      "id": "node/7431146079"
    },
    {
      "type": "Feature",
      "properties": {
        "@id": "node/7431146080",
        "amenity": "vending_machine",
        "check_date": "2025-11-13",
        "source": "https://www.plovdiv.bg/sms-parking/",
        "vending": "parking_tickets"
      },
      "geometry": {
        "type": "Point",
        "coordinates": [
          24.7492156,
          42.1403471
        ]
      },
      "id": "node/7431146080"
    },
    {
      "type": "Feature",
      "properties": {
        "@id": "node/7431146081",
        "amenity": "vending_machine",
        "source": "https://www.plovdiv.bg/sms-parking/",
        "vending": "parking_tickets"
      },
      "geometry": {
        "type": "Point",
        "coordinates": [
          24.7582759,
          42.145848
        ]
      },
      "id": "node/7431146081"
    },
    {
      "type": "Feature",
      "properties": {
        "@id": "node/7431146082",
        "amenity": "vending_machine",
        "source": "https://www.plovdiv.bg/sms-parking/",
        "vending": "parking_tickets"
      },
      "geometry": {
        "type": "Point",
        "coordinates": [
          24.7610952,
          42.1466574
        ]
      },
      "id": "node/7431146082"
    },
    {
      "type": "Feature",
      "properties": {
        "@id": "node/7431146083",
        "amenity": "vending_machine",
        "source": "https://www.plovdiv.bg/sms-parking/",
        "vending": "parking_tickets"
      },
      "geometry": {
        "type": "Point",
        "coordinates": [
          24.7472933,
          42.1535319
        ]
      },
      "id": "node/7431146083"
    },
    {
      "type": "Feature",
      "properties": {
        "@id": "node/7431160685",
        "amenity": "vending_machine",
        "source": "https://www.plovdiv.bg/sms-parking/",
        "vending": "parking_tickets"
      },
      "geometry": {
        "type": "Point",
        "coordinates": [
          24.7532995,
          42.1453651
        ]
      },
      "id": "node/7431160685"
    },
    {
      "type": "Feature",
      "properties": {
        "@id": "node/7431160686",
        "amenity": "vending_machine",
        "operator": "Община Пловдив",
        "vending": "parking_tickets"
      },
      "geometry": {
        "type": "Point",
        "coordinates": [
          24.7395762,
          42.1592574
        ]
      },
      "id": "node/7431160686"
    },
    {
      "type": "Feature",
      "properties": {
        "@id": "node/7431160687",
        "amenity": "vending_machine",
        "check_date": "2024-09-04",
        "source": "https://www.plovdiv.bg/sms-parking/",
        "vending": "parking_tickets"
      },
      "geometry": {
        "type": "Point",
        "coordinates": [
          24.7436082,
          42.1570704
        ]
      },
      "id": "node/7431160687"
    },
    {
      "type": "Feature",
      "properties": {
        "@id": "node/7431160688",
        "amenity": "vending_machine",
        "check_date": "2026-04-16",
        "source": "https://www.plovdiv.bg/sms-parking/",
        "vending": "parking_tickets"
      },
      "geometry": {
        "type": "Point",
        "coordinates": [
          24.7461736,
          42.1487149
        ]
      },
      "id": "node/7431160688"
    },
    {
      "type": "Feature",
      "properties": {
        "@id": "node/7431160689",
        "amenity": "vending_machine",
        "check_date": "2025-11-14",
        "source": "https://www.plovdiv.bg/sms-parking/",
        "vending": "parking_tickets"
      },
      "geometry": {
        "type": "Point",
        "coordinates": [
          24.7488409,
          42.1383466
        ]
      },
      "id": "node/7431160689"
    },
    {
      "type": "Feature",
      "properties": {
        "@id": "node/7431160690",
        "amenity": "vending_machine",
        "source": "https://www.plovdiv.bg/sms-parking/",
        "vending": "parking_tickets"
      },
      "geometry": {
        "type": "Point",
        "coordinates": [
          24.7465791,
          42.1392404
        ]
      },
      "id": "node/7431160690"
    },
    {
      "type": "Feature",
      "properties": {
        "@id": "node/7431160691",
        "amenity": "vending_machine",
        "source": "https://www.plovdiv.bg/sms-parking/",
        "vending": "parking_tickets"
      },
      "geometry": {
        "type": "Point",
        "coordinates": [
          24.7501058,
          42.1404698
        ]
      },
      "id": "node/7431160691"
    },
    {
      "type": "Feature",
      "properties": {
        "@id": "node/7431160692",
        "amenity": "vending_machine",
        "source": "https://www.plovdiv.bg/sms-parking/",
        "vending": "parking_tickets"
      },
      "geometry": {
        "type": "Point",
        "coordinates": [
          24.7566692,
          42.1453401
        ]
      },
      "id": "node/7431160692"
    },
    {
      "type": "Feature",
      "properties": {
        "@id": "node/7431160693",
        "amenity": "vending_machine",
        "check_date": "2025-10-31",
        "indoor": "no",
        "source": "https://www.plovdiv.bg/sms-parking/",
        "vending": "parking_tickets"
      },
      "geometry": {
        "type": "Point",
        "coordinates": [
          24.7460314,
          42.1500687
        ]
      },
      "id": "node/7431160693"
    },
    {
      "type": "Feature",
      "properties": {
        "@id": "node/7431160694",
        "amenity": "vending_machine",
        "source": "https://www.plovdiv.bg/sms-parking/",
        "vending": "parking_tickets"
      },
      "geometry": {
        "type": "Point",
        "coordinates": [
          24.7495348,
          42.1539016
        ]
      },
      "id": "node/7431160694"
    },
    {
      "type": "Feature",
      "properties": {
        "@id": "node/7431160695",
        "amenity": "vending_machine",
        "source": "https://www.plovdiv.bg/sms-parking/",
        "vending": "parking_tickets"
      },
      "geometry": {
        "type": "Point",
        "coordinates": [
          24.7507473,
          42.1433419
        ]
      },
      "id": "node/7431160695"
    },
    {
      "type": "Feature",
      "properties": {
        "@id": "node/7431160696",
        "amenity": "vending_machine",
        "fixme": "exact location?",
        "operator": "Община Пловдив",
        "source": "https://www.plovdiv.bg/sms-parking/",
        "vending": "parking_tickets"
      },
      "geometry": {
        "type": "Point",
        "coordinates": [
          24.739446,
          42.1589523
        ]
      },
      "id": "node/7431160696"
    },
    {
      "type": "Feature",
      "properties": {
        "@id": "node/7431160697",
        "amenity": "vending_machine",
        "source": "https://www.plovdiv.bg/sms-parking/",
        "vending": "parking_tickets"
      },
      "geometry": {
        "type": "Point",
        "coordinates": [
          24.7442805,
          42.1567976
        ]
      },
      "id": "node/7431160697"
    },
    {
      "type": "Feature",
      "properties": {
        "@id": "node/7431160698",
        "amenity": "vending_machine",
        "source": "https://www.plovdiv.bg/sms-parking/",
        "vending": "parking_tickets"
      },
      "geometry": {
        "type": "Point",
        "coordinates": [
          24.7443307,
          42.1490533
        ]
      },
      "id": "node/7431160698"
    },
    {
      "type": "Feature",
      "properties": {
        "@id": "node/7431160699",
        "amenity": "vending_machine",
        "source": "https://www.plovdiv.bg/sms-parking/",
        "vending": "parking_tickets"
      },
      "geometry": {
        "type": "Point",
        "coordinates": [
          24.7442254,
          42.1416897
        ]
      },
      "id": "node/7431160699"
    },
    {
      "type": "Feature",
      "properties": {
        "@id": "node/7431160700",
        "amenity": "vending_machine",
        "check_date": "2025-11-14",
        "source": "https://www.plovdiv.bg/sms-parking/",
        "vending": "parking_tickets"
      },
      "geometry": {
        "type": "Point",
        "coordinates": [
          24.7496646,
          42.1389417
        ]
      },
      "id": "node/7431160700"
    },
    {
      "type": "Feature",
      "properties": {
        "@id": "node/7431160701",
        "amenity": "vending_machine",
        "source": "https://www.plovdiv.bg/sms-parking/",
        "vending": "parking_tickets"
      },
      "geometry": {
        "type": "Point",
        "coordinates": [
          24.7484303,
          42.140474
        ]
      },
      "id": "node/7431160701"
    },
    {
      "type": "Feature",
      "properties": {
        "@id": "node/7431160702",
        "amenity": "vending_machine",
        "source": "https://www.plovdiv.bg/sms-parking/",
        "vending": "parking_tickets"
      },
      "geometry": {
        "type": "Point",
        "coordinates": [
          24.7487813,
          42.1395092
        ]
      },
      "id": "node/7431160702"
    },
    {
      "type": "Feature",
      "properties": {
        "@id": "node/7431160703",
        "amenity": "vending_machine",
        "source": "https://www.plovdiv.bg/sms-parking/",
        "vending": "parking_tickets"
      },
      "geometry": {
        "type": "Point",
        "coordinates": [
          24.7556373,
          42.1449842
        ]
      },
      "id": "node/7431160703"
    },
    {
      "type": "Feature",
      "properties": {
        "@id": "node/7431160704",
        "amenity": "vending_machine",
        "check_date": "2025-10-31",
        "indoor": "no",
        "source": "https://www.plovdiv.bg/sms-parking/",
        "vending": "parking_tickets"
      },
      "geometry": {
        "type": "Point",
        "coordinates": [
          24.7454139,
          42.1500989
        ]
      },
      "id": "node/7431160704"
    },
    {
      "type": "Feature",
      "properties": {
        "@id": "node/7431160705",
        "amenity": "vending_machine",
        "check_date": "2025-11-20",
        "source": "https://www.plovdiv.bg/sms-parking/",
        "vending": "parking_tickets"
      },
      "geometry": {
        "type": "Point",
        "coordinates": [
          24.7458335,
          42.1445158
        ]
      },
      "id": "node/7431160705"
    },
    {
      "type": "Feature",
      "properties": {
        "@id": "node/7431160706",
        "amenity": "vending_machine",
        "source": "https://www.plovdiv.bg/sms-parking/",
        "vending": "parking_tickets"
      },
      "geometry": {
        "type": "Point",
        "coordinates": [
          24.7504333,
          42.1539714
        ]
      },
      "id": "node/7431160706"
    },
    {
      "type": "Feature",
      "properties": {
        "@id": "node/7431160707",
        "amenity": "vending_machine",
        "operator": "Община Пловдив",
        "vending": "parking_tickets"
      },
      "geometry": {
        "type": "Point",
        "coordinates": [
          24.7413266,
          42.1588827
        ]
      },
      "id": "node/7431160707"
    },
    {
      "type": "Feature",
      "properties": {
        "@id": "node/7431160708",
        "amenity": "vending_machine",
        "source": "https://www.plovdiv.bg/sms-parking/",
        "vending": "parking_tickets"
      },
      "geometry": {
        "type": "Point",
        "coordinates": [
          24.7442405,
          42.1574648
        ]
      },
      "id": "node/7431160708"
    },
    {
      "type": "Feature",
      "properties": {
        "@id": "node/7431160709",
        "amenity": "vending_machine",
        "source": "https://www.plovdiv.bg/sms-parking/",
        "vending": "parking_tickets"
      },
      "geometry": {
        "type": "Point",
        "coordinates": [
          24.7415939,
          42.1493081
        ]
      },
      "id": "node/7431160709"
    },
    {
      "type": "Feature",
      "properties": {
        "@id": "node/7431160710",
        "amenity": "vending_machine",
        "source": "https://www.plovdiv.bg/sms-parking/",
        "vending": "parking_tickets"
      },
      "geometry": {
        "type": "Point",
        "coordinates": [
          24.744991,
          42.1411373
        ]
      },
      "id": "node/7431160710"
    },
    {
      "type": "Feature",
      "properties": {
        "@id": "node/7431160711",
        "amenity": "vending_machine",
        "check_date": "2025-06-10",
        "source": "https://www.plovdiv.bg/sms-parking/",
        "vending": "parking_tickets"
      },
      "geometry": {
        "type": "Point",
        "coordinates": [
          24.7487053,
          42.1473041
        ]
      },
      "id": "node/7431160711"
    },
    {
      "type": "Feature",
      "properties": {
        "@id": "node/7431160712",
        "amenity": "vending_machine",
        "check_date": "2025-10-26",
        "source": "https://www.plovdiv.bg/sms-parking/",
        "vending": "parking_tickets"
      },
      "geometry": {
        "type": "Point",
        "coordinates": [
          24.7571761,
          42.1422751
        ]
      },
      "id": "node/7431160712"
    },
    {
      "type": "Feature",
      "properties": {
        "@id": "node/7431160713",
        "amenity": "vending_machine",
        "check_date": "2025-08-01",
        "source": "https://www.plovdiv.bg/sms-parking/",
        "vending": "parking_tickets"
      },
      "geometry": {
        "type": "Point",
        "coordinates": [
          24.7479424,
          42.1555697
        ]
      },
      "id": "node/7431160713"
    },
    {
      "type": "Feature",
      "properties": {
        "@id": "node/7431160714",
        "amenity": "vending_machine",
        "source": "https://www.plovdiv.bg/sms-parking/",
        "vending": "parking_tickets"
      },
      "geometry": {
        "type": "Point",
        "coordinates": [
          24.7510839,
          42.1403678
        ]
      },
      "id": "node/7431160714"
    },
    {
      "type": "Feature",
      "properties": {
        "@id": "node/7431160715",
        "amenity": "vending_machine",
        "check_date": "2025-07-31",
        "source": "https://www.plovdiv.bg/sms-parking/",
        "vending": "parking_tickets"
      },
      "geometry": {
        "type": "Point",
        "coordinates": [
          24.7459235,
          42.1564524
        ]
      },
      "id": "node/7431160715"
    },
    {
      "type": "Feature",
      "properties": {
        "@id": "node/7431160716",
        "amenity": "vending_machine",
        "check_date": "2025-10-31",
        "source": "https://www.plovdiv.bg/sms-parking/",
        "vending": "parking_tickets"
      },
      "geometry": {
        "type": "Point",
        "coordinates": [
          24.7447014,
          42.1501274
        ]
      },
      "id": "node/7431160716"
    },
    {
      "type": "Feature",
      "properties": {
        "@id": "node/7431160717",
        "amenity": "vending_machine",
        "check_date": "2025-11-13",
        "source": "https://www.plovdiv.bg/sms-parking/",
        "vending": "parking_tickets"
      },
      "geometry": {
        "type": "Point",
        "coordinates": [
          24.7401209,
          42.1398286
        ]
      },
      "id": "node/7431160717"
    },
    {
      "type": "Feature",
      "properties": {
        "@id": "node/7431160718",
        "amenity": "vending_machine",
        "check_date": "2026-04-16",
        "source": "https://www.plovdiv.bg/sms-parking/",
        "vending": "parking_tickets"
      },
      "geometry": {
        "type": "Point",
        "coordinates": [
          24.7439303,
          42.1492687
        ]
      },
      "id": "node/7431160718"
    },
    {
      "type": "Feature",
      "properties": {
        "@id": "node/7431160720",
        "amenity": "vending_machine",
        "operator": "Община Пловдив",
        "vending": "parking_tickets"
      },
      "geometry": {
        "type": "Point",
        "coordinates": [
          24.7436301,
          42.1588893
        ]
      },
      "id": "node/7431160720"
    },
    {
      "type": "Feature",
      "properties": {
        "@id": "node/7431160721",
        "amenity": "vending_machine",
        "check_date": "2026-03-03",
        "source": "https://www.plovdiv.bg/sms-parking/",
        "vending": "parking_tickets"
      },
      "geometry": {
        "type": "Point",
        "coordinates": [
          24.7499038,
          42.1458122
        ]
      },
      "id": "node/7431160721"
    },
    {
      "type": "Feature",
      "properties": {
        "@id": "node/7640111158",
        "amenity": "vending_machine",
        "check_date": "2025-05-30",
        "vending": "parking_tickets"
      },
      "geometry": {
        "type": "Point",
        "coordinates": [
          27.9222035,
          43.2049969
        ]
      },
      "id": "node/7640111158"
    },
    {
      "type": "Feature",
      "properties": {
        "@id": "node/7728936341",
        "amenity": "vending_machine",
        "drink:coffee": "yes",
        "vending": "drinks"
      },
      "geometry": {
        "type": "Point",
        "coordinates": [
          27.5511233,
          42.4498072
        ]
      },
      "id": "node/7728936341"
    },
    {
      "type": "Feature",
      "properties": {
        "@id": "node/7755798112",
        "amenity": "vending_machine",
        "payment:coins": "yes",
        "vending": "coffee"
      },
      "geometry": {
        "type": "Point",
        "coordinates": [
          27.7452111,
          42.7131685
        ]
      },
      "id": "node/7755798112"
    },
    {
      "type": "Feature",
      "properties": {
        "@id": "node/7824880509",
        "amenity": "vending_machine",
        "drink:coffee": "yes",
        "vending": "drinks"
      },
      "geometry": {
        "type": "Point",
        "coordinates": [
          23.9134456,
          42.8972104
        ]
      },
      "id": "node/7824880509"
    },
    {
      "type": "Feature",
      "properties": {
        "@id": "node/7835304283",
        "amenity": "vending_machine",
        "vending": "drinks"
      },
      "geometry": {
        "type": "Point",
        "coordinates": [
          23.9135821,
          42.8970478
        ]
      },
      "id": "node/7835304283"
    },
    {
      "type": "Feature",
      "properties": {
        "@id": "node/7838167206",
        "amenity": "vending_machine",
        "payment:cash": "yes",
        "vending": "coffee;milk"
      },
      "geometry": {
        "type": "Point",
        "coordinates": [
          24.7623735,
          42.1494159
        ]
      },
      "id": "node/7838167206"
    },
    {
      "type": "Feature",
      "properties": {
        "@id": "node/7842207678",
        "amenity": "vending_machine",
        "fee": "no",
        "indoor": "no",
        "opening_hours": "24/7",
        "payment:coins": "yes",
        "payment:notes": "yes",
        "vending": "change"
      },
      "geometry": {
        "type": "Point",
        "coordinates": [
          27.8658986,
          43.2403004
        ]
      },
      "id": "node/7842207678"
    },
    {
      "type": "Feature",
      "properties": {
        "@id": "node/7887748423",
        "amenity": "vending_machine",
        "vending": "coffee"
      },
      "geometry": {
        "type": "Point",
        "coordinates": [
          26.9229976,
          43.2722888
        ]
      },
      "id": "node/7887748423"
    },
    {
      "type": "Feature",
      "properties": {
        "@id": "node/7911060382",
        "amenity": "vending_machine",
        "vending": "coffee"
      },
      "geometry": {
        "type": "Point",
        "coordinates": [
          23.559327,
          42.3389691
        ]
      },
      "id": "node/7911060382"
    },
    {
      "type": "Feature",
      "properties": {
        "@id": "node/7911200160",
        "amenity": "vending_machine",
        "check_date": "2022-09-18",
        "payment:coins": "yes",
        "vending": "coffee"
      },
      "geometry": {
        "type": "Point",
        "coordinates": [
          27.9249588,
          43.2247259
        ]
      },
      "id": "node/7911200160"
    },
    {
      "type": "Feature",
      "properties": {
        "@id": "node/7933309703",
        "amenity": "vending_machine",
        "check_date": "2024-10-27",
        "vending": "coffee"
      },
      "geometry": {
        "type": "Point",
        "coordinates": [
          27.9211172,
          43.1954329
        ]
      },
      "id": "node/7933309703"
    },
    {
      "type": "Feature",
      "properties": {
        "@id": "node/8355054801",
        "addr:city": "Варна",
        "addr:housenumber": "49",
        "addr:street": "Доспат",
        "amenity": "vending_machine",
        "name": "кафе \"Мечта\"",
        "opening_hours": "24/7",
        "outdoor_seating": "yes",
        "vending": "coffee"
      },
      "geometry": {
        "type": "Point",
        "coordinates": [
          27.898183,
          43.2088294
        ]
      },
      "id": "node/8355054801"
    },
    {
      "type": "Feature",
      "properties": {
        "@id": "node/8355055457",
        "addr:housenumber": "12",
        "addr:street": "Доспат",
        "amenity": "vending_machine",
        "name": "кафе \"Мечта\"",
        "opening_hours": "24/7",
        "vending": "coffee"
      },
      "geometry": {
        "type": "Point",
        "coordinates": [
          27.9007851,
          43.2111218
        ]
      },
      "id": "node/8355055457"
    },
    {
      "type": "Feature",
      "properties": {
        "@id": "node/8355055918",
        "amenity": "vending_machine",
        "name": "кафе \"Мечта\"",
        "opening_hours": "24/7",
        "vending": "coffee"
      },
      "geometry": {
        "type": "Point",
        "coordinates": [
          27.9033468,
          43.2096743
        ]
      },
      "id": "node/8355055918"
    },
    {
      "type": "Feature",
      "properties": {
        "@id": "node/8357408607",
        "amenity": "vending_machine",
        "name": "Мерикан",
        "opening_hours": "24/7"
      },
      "geometry": {
        "type": "Point",
        "coordinates": [
          25.9645097,
          43.8531868
        ]
      },
      "id": "node/8357408607"
    },
    {
      "type": "Feature",
      "properties": {
        "@id": "node/8357495974",
        "amenity": "vending_machine",
        "name": "Vending Group",
        "opening_hours": "24/7",
        "phone": "+359 88 605 2403"
      },
      "geometry": {
        "type": "Point",
        "coordinates": [
          25.9677209,
          43.8541974
        ]
      },
      "id": "node/8357495974"
    },
    {
      "type": "Feature",
      "properties": {
        "@id": "node/8367778076",
        "addr:city": "Варна",
        "addr:street": "Поп Харитон",
        "amenity": "vending_machine",
        "name": "кафе \"Мечта\"",
        "opening_hours": "24/7",
        "vending": "coffee"
      },
      "geometry": {
        "type": "Point",
        "coordinates": [
          27.8991894,
          43.2131662
        ]
      },
      "id": "node/8367778076"
    },
    {
      "type": "Feature",
      "properties": {
        "@id": "node/8367789970",
        "addr:street": "Кап. Райчо Николов",
        "amenity": "vending_machine",
        "name": "кафе \"Мечта\"",
        "vending": "coffee"
      },
      "geometry": {
        "type": "Point",
        "coordinates": [
          27.8987488,
          43.2127189
        ]
      },
      "id": "node/8367789970"
    },
    {
      "type": "Feature",
      "properties": {
        "@id": "node/8367790109",
        "amenity": "vending_machine",
        "name": "кафе \"Мечта\"",
        "vending": "coffee"
      },
      "geometry": {
        "type": "Point",
        "coordinates": [
          27.9045103,
          43.2097455
        ]
      },
      "id": "node/8367790109"
    },
    {
      "type": "Feature",
      "properties": {
        "@id": "node/8367790110",
        "amenity": "vending_machine",
        "vending": "coffee"
      },
      "geometry": {
        "type": "Point",
        "coordinates": [
          27.904649,
          43.2093054
        ]
      },
      "id": "node/8367790110"
    },
    {
      "type": "Feature",
      "properties": {
        "@id": "node/8367790111",
        "addr:housenumber": "11",
        "addr:street": "Радецки",
        "amenity": "vending_machine",
        "name": "кафе \"Мечта\"",
        "vending": "coffee"
      },
      "geometry": {
        "type": "Point",
        "coordinates": [
          27.9061525,
          43.2092953
        ]
      },
      "id": "node/8367790111"
    },
    {
      "type": "Feature",
      "properties": {
        "@id": "node/8399808054",
        "amenity": "vending_machine",
        "indoor": "no",
        "name": "кафе \"Мечта\"",
        "opening_hours": "24/7",
        "vending": "coffee"
      },
      "geometry": {
        "type": "Point",
        "coordinates": [
          27.9243539,
          43.2100486
        ]
      },
      "id": "node/8399808054"
    },
    {
      "type": "Feature",
      "properties": {
        "@id": "node/8399808065",
        "amenity": "vending_machine",
        "check_date": "2024-10-24",
        "name": "кафе «Мечта»",
        "vending": "coffee"
      },
      "geometry": {
        "type": "Point",
        "coordinates": [
          27.9187554,
          43.2165079
        ]
      },
      "id": "node/8399808065"
    },
    {
      "type": "Feature",
      "properties": {
        "@id": "node/8399808066",
        "amenity": "vending_machine",
        "name": "кафе \"Мечта\"",
        "opening_hours": "24/7",
        "vending": "coffee"
      },
      "geometry": {
        "type": "Point",
        "coordinates": [
          27.9426024,
          43.2251174
        ]
      },
      "id": "node/8399808066"
    },
    {
      "type": "Feature",
      "properties": {
        "@id": "node/8455335965",
        "amenity": "vending_machine",
        "check_date": "2026-06-30",
        "vending": "Medicine"
      },
      "geometry": {
        "type": "Point",
        "coordinates": [
          23.3021448,
          42.7113229
        ]
      },
      "id": "node/8455335965"
    },
    {
      "type": "Feature",
      "properties": {
        "@id": "node/8455335977",
        "amenity": "vending_machine",
        "check_date": "2026-06-30",
        "drink:beer": "no",
        "drink:coffee": "yes",
        "name": "Coffee Corner",
        "vending": "drinks"
      },
      "geometry": {
        "type": "Point",
        "coordinates": [
          23.3021121,
          42.711356
        ]
      },
      "id": "node/8455335977"
    },
    {
      "type": "Feature",
      "properties": {
        "@id": "node/8459821221",
        "amenity": "vending_machine",
        "check_date": "2026-04-24",
        "payment:coins": "yes",
        "payment:notes": "no",
        "vending": "coffee"
      },
      "geometry": {
        "type": "Point",
        "coordinates": [
          27.916308,
          43.2162415
        ]
      },
      "id": "node/8459821221"
    },
    {
      "type": "Feature",
      "properties": {
        "@id": "node/8497413372",
        "amenity": "vending_machine",
        "name": "Кафе Мечта",
        "vending": "coffee"
      },
      "geometry": {
        "type": "Point",
        "coordinates": [
          27.9099376,
          43.2267088
        ]
      },
      "id": "node/8497413372"
    },
    {
      "type": "Feature",
      "properties": {
        "@id": "node/8505008822",
        "amenity": "vending_machine",
        "check_date": "2024-05-30",
        "payment:coins": "yes",
        "vending": "coffee"
      },
      "geometry": {
        "type": "Point",
        "coordinates": [
          27.9122552,
          43.2074593
        ]
      },
      "id": "node/8505008822"
    },
    {
      "type": "Feature",
      "properties": {
        "@id": "node/8509187263",
        "amenity": "vending_machine",
        "check_date": "2025-07-18",
        "payment:coins": "yes",
        "payment:credit_cards": "no",
        "payment:cryptocurrencies": "no",
        "payment:debit_cards": "no",
        "payment:electronic_purses": "no",
        "payment:notes": "no",
        "vending": "coffee"
      },
      "geometry": {
        "type": "Point",
        "coordinates": [
          27.9282347,
          43.2225273
        ]
      },
      "id": "node/8509187263"
    },
    {
      "type": "Feature",
      "properties": {
        "@id": "node/8565640931",
        "amenity": "vending_machine",
        "check_date": "2026-06-16",
        "payment:coins": "yes",
        "vending": "coffee"
      },
      "geometry": {
        "type": "Point",
        "coordinates": [
          27.9250266,
          43.2236359
        ]
      },
      "id": "node/8565640931"
    },
    {
      "type": "Feature",
      "properties": {
        "@id": "node/8567529257",
        "amenity": "vending_machine",
        "payment:coins": "yes",
        "vending": "parking_tickets"
      },
      "geometry": {
        "type": "Point",
        "coordinates": [
          28.0674612,
          43.3668027
        ]
      },
      "id": "node/8567529257"
    },
    {
      "type": "Feature",
      "properties": {
        "@id": "node/8567529258",
        "amenity": "vending_machine",
        "payment:coins": "yes",
        "vending": "parking_tickets"
      },
      "geometry": {
        "type": "Point",
        "coordinates": [
          28.0677992,
          43.3668436
        ]
      },
      "id": "node/8567529258"
    },
    {
      "type": "Feature",
      "properties": {
        "@id": "node/8588541760",
        "amenity": "vending_machine",
        "payment:coins": "yes",
        "payment:notes": "no",
        "vending": "coffee"
      },
      "geometry": {
        "type": "Point",
        "coordinates": [
          28.0208901,
          43.2581824
        ]
      },
      "id": "node/8588541760"
    },
    {
      "type": "Feature",
      "properties": {
        "@id": "node/8594163982",
        "amenity": "vending_machine",
        "vending": "drinks"
      },
      "geometry": {
        "type": "Point",
        "coordinates": [
          23.3006159,
          42.7125869
        ]
      },
      "id": "node/8594163982"
    },
    {
      "type": "Feature",
      "properties": {
        "@id": "node/8607272695",
        "amenity": "vending_machine",
        "name": "Кафе \"Мечта\"",
        "opening_hours": "24/7",
        "vending": "coffee"
      },
      "geometry": {
        "type": "Point",
        "coordinates": [
          27.9029371,
          43.2044516
        ]
      },
      "id": "node/8607272695"
    },
    {
      "type": "Feature",
      "properties": {
        "@id": "node/8608021332",
        "addr:housenumber": "6",
        "addr:street": "Церова гора",
        "amenity": "vending_machine",
        "check_date": "2026-06-06",
        "indoor": "yes",
        "opening_hours": "Mo-Fr 08:30-20:30; Sa 09:00-16:00; Su,PH off",
        "payment:cards": "no",
        "payment:cash": "yes",
        "payment:coins": "yes",
        "payment:credit_cards": "no",
        "payment:debit_cards": "no",
        "vending": "coffee"
      },
      "geometry": {
        "type": "Point",
        "coordinates": [
          23.3007523,
          42.6800785
        ]
      },
      "id": "node/8608021332"
    },
    {
      "type": "Feature",
      "properties": {
        "@id": "node/8611100086",
        "amenity": "vending_machine",
        "check_date": "2025-06-26",
        "vending": "coffee"
      },
      "geometry": {
        "type": "Point",
        "coordinates": [
          23.2970708,
          42.6774726
        ]
      },
      "id": "node/8611100086"
    },
    {
      "type": "Feature",
      "properties": {
        "@id": "node/8701846582",
        "amenity": "vending_machine",
        "check_date": "2025-07-24",
        "indoor": "no",
        "vending": "coffee"
      },
      "geometry": {
        "type": "Point",
        "coordinates": [
          27.9116694,
          43.2200316
        ]
      },
      "id": "node/8701846582"
    },
    {
      "type": "Feature",
      "properties": {
        "@id": "node/8710387341",
        "amenity": "vending_machine",
        "vending": "coffee"
      },
      "geometry": {
        "type": "Point",
        "coordinates": [
          25.031119,
          43.586402
        ]
      },
      "id": "node/8710387341"
    },
    {
      "type": "Feature",
      "properties": {
        "@id": "node/8722095983",
        "amenity": "vending_machine",
        "vending": "coffee"
      },
      "geometry": {
        "type": "Point",
        "coordinates": [
          27.893293,
          43.2167316
        ]
      },
      "id": "node/8722095983"
    },
    {
      "type": "Feature",
      "properties": {
        "@id": "node/8725096861",
        "amenity": "vending_machine",
        "vending": "drinks",
        "vending_machine": "yes"
      },
      "geometry": {
        "type": "Point",
        "coordinates": [
          25.4801648,
          42.4382315
        ]
      },
      "id": "node/8725096861"
    },
    {
      "type": "Feature",
      "properties": {
        "@id": "node/8726951200",
        "amenity": "vending_machine",
        "check_date": "2026-05-25",
        "vending": "coffee"
      },
      "geometry": {
        "type": "Point",
        "coordinates": [
          27.9196715,
          43.2092833
        ]
      },
      "id": "node/8726951200"
    },
    {
      "type": "Feature",
      "properties": {
        "@id": "node/8729321199",
        "amenity": "vending_machine",
        "vending": "parking_tickets"
      },
      "geometry": {
        "type": "Point",
        "coordinates": [
          23.3108201,
          42.7039901
        ]
      },
      "id": "node/8729321199"
    },
    {
      "type": "Feature",
      "properties": {
        "@id": "node/8729321200",
        "amenity": "vending_machine",
        "vending": "drinks"
      },
      "geometry": {
        "type": "Point",
        "coordinates": [
          23.310836,
          42.7041418
        ]
      },
      "id": "node/8729321200"
    },
    {
      "type": "Feature",
      "properties": {
        "@id": "node/8735513452",
        "amenity": "vending_machine",
        "vending": "drinks"
      },
      "geometry": {
        "type": "Point",
        "coordinates": [
          24.7400739,
          42.15853
        ]
      },
      "id": "node/8735513452"
    },
    {
      "type": "Feature",
      "properties": {
        "@id": "node/8753895376",
        "amenity": "vending_machine",
        "check_date": "2025-12-27",
        "vending": "coffee"
      },
      "geometry": {
        "type": "Point",
        "coordinates": [
          26.8162677,
          43.1616667
        ]
      },
      "id": "node/8753895376"
    },
    {
      "type": "Feature",
      "properties": {
        "@id": "node/8780142890",
        "amenity": "vending_machine",
        "vending": "coffee"
      },
      "geometry": {
        "type": "Point",
        "coordinates": [
          27.9214614,
          43.2071514
        ]
      },
      "id": "node/8780142890"
    },
    {
      "type": "Feature",
      "properties": {
        "@id": "node/8807117111",
        "amenity": "vending_machine",
        "vending": "coffee"
      },
      "geometry": {
        "type": "Point",
        "coordinates": [
          27.1167768,
          43.276826
        ]
      },
      "id": "node/8807117111"
    },
    {
      "type": "Feature",
      "properties": {
        "@id": "node/8807117112",
        "amenity": "vending_machine",
        "vending": "food"
      },
      "geometry": {
        "type": "Point",
        "coordinates": [
          27.11677,
          43.2768343
        ]
      },
      "id": "node/8807117112"
    },
    {
      "type": "Feature",
      "properties": {
        "@id": "node/8814908695",
        "amenity": "vending_machine",
        "vending": "elongated_coin"
      },
      "geometry": {
        "type": "Point",
        "coordinates": [
          27.1171128,
          43.2768689
        ]
      },
      "id": "node/8814908695"
    },
    {
      "type": "Feature",
      "properties": {
        "@id": "node/8814981237",
        "amenity": "vending_machine",
        "vending": "coffee"
      },
      "geometry": {
        "type": "Point",
        "coordinates": [
          27.9083068,
          43.2107153
        ]
      },
      "id": "node/8814981237"
    },
    {
      "type": "Feature",
      "properties": {
        "@id": "node/8814981277",
        "amenity": "vending_machine",
        "vending": "coffee"
      },
      "geometry": {
        "type": "Point",
        "coordinates": [
          27.9095213,
          43.2086033
        ]
      },
      "id": "node/8814981277"
    },
    {
      "type": "Feature",
      "properties": {
        "@id": "node/8829593260",
        "amenity": "vending_machine",
        "vending": "drinks"
      },
      "geometry": {
        "type": "Point",
        "coordinates": [
          27.7031863,
          42.6585105
        ]
      },
      "id": "node/8829593260"
    },
    {
      "type": "Feature",
      "properties": {
        "@id": "node/8829593263",
        "amenity": "vending_machine",
        "vending": "drinks"
      },
      "geometry": {
        "type": "Point",
        "coordinates": [
          27.7029449,
          42.6885039
        ]
      },
      "id": "node/8829593263"
    },
    {
      "type": "Feature",
      "properties": {
        "@id": "node/8846321090",
        "amenity": "vending_machine",
        "vending": "drinks"
      },
      "geometry": {
        "type": "Point",
        "coordinates": [
          27.7568117,
          42.7149439
        ]
      },
      "id": "node/8846321090"
    },
    {
      "type": "Feature",
      "properties": {
        "@id": "node/8846321092",
        "amenity": "vending_machine",
        "vending": "drinks"
      },
      "geometry": {
        "type": "Point",
        "coordinates": [
          27.7563366,
          42.7144696
        ]
      },
      "id": "node/8846321092"
    },
    {
      "type": "Feature",
      "properties": {
        "@id": "node/8846321093",
        "amenity": "vending_machine",
        "vending": "drinks"
      },
      "geometry": {
        "type": "Point",
        "coordinates": [
          27.7560067,
          42.7145217
        ]
      },
      "id": "node/8846321093"
    },
    {
      "type": "Feature",
      "properties": {
        "@id": "node/8846370973",
        "amenity": "vending_machine",
        "vending": "drinks"
      },
      "geometry": {
        "type": "Point",
        "coordinates": [
          27.7592241,
          42.7126561
        ]
      },
      "id": "node/8846370973"
    },
    {
      "type": "Feature",
      "properties": {
        "@id": "node/8846370977",
        "amenity": "vending_machine",
        "vending": "drinks"
      },
      "geometry": {
        "type": "Point",
        "coordinates": [
          27.7583824,
          42.7117995
        ]
      },
      "id": "node/8846370977"
    },
    {
      "type": "Feature",
      "properties": {
        "@id": "node/8854688684",
        "amenity": "vending_machine",
        "vending": "drinks"
      },
      "geometry": {
        "type": "Point",
        "coordinates": [
          25.3893501,
          42.401754
        ]
      },
      "id": "node/8854688684"
    },
    {
      "type": "Feature",
      "properties": {
        "@id": "node/8854688685",
        "amenity": "vending_machine",
        "vending": "coffee"
      },
      "geometry": {
        "type": "Point",
        "coordinates": [
          25.3893499,
          42.4017401
        ]
      },
      "id": "node/8854688685"
    },
    {
      "type": "Feature",
      "properties": {
        "@id": "node/8864851219",
        "amenity": "vending_machine",
        "vending": "drinks"
      },
      "geometry": {
        "type": "Point",
        "coordinates": [
          27.7042892,
          42.6557656
        ]
      },
      "id": "node/8864851219"
    },
    {
      "type": "Feature",
      "properties": {
        "@id": "node/8864851224",
        "amenity": "vending_machine",
        "vending": "food"
      },
      "geometry": {
        "type": "Point",
        "coordinates": [
          27.7056713,
          42.6533264
        ]
      },
      "id": "node/8864851224"
    },
    {
      "type": "Feature",
      "properties": {
        "@id": "node/8864851226",
        "amenity": "vending_machine",
        "check_date": "2023-08-25",
        "drink:coffee": "yes",
        "vending": "drinks"
      },
      "geometry": {
        "type": "Point",
        "coordinates": [
          27.7056731,
          42.6532773
        ]
      },
      "id": "node/8864851226"
    },
    {
      "type": "Feature",
      "properties": {
        "@id": "node/8864851228",
        "amenity": "vending_machine",
        "check_date": "2023-08-25",
        "drink:beer": "no",
        "drink:coffee": "yes",
        "drink:wine": "no",
        "vending": "drinks"
      },
      "geometry": {
        "type": "Point",
        "coordinates": [
          27.7058411,
          42.6529333
        ]
      },
      "id": "node/8864851228"
    },
    {
      "type": "Feature",
      "properties": {
        "@id": "node/8867800810",
        "amenity": "vending_machine",
        "vending": "drinks"
      },
      "geometry": {
        "type": "Point",
        "coordinates": [
          27.4673025,
          42.5273371
        ]
      },
      "id": "node/8867800810"
    },
    {
      "type": "Feature",
      "properties": {
        "@id": "node/8867809017",
        "amenity": "vending_machine",
        "vending": "drinks"
      },
      "geometry": {
        "type": "Point",
        "coordinates": [
          27.4680076,
          42.5274586
        ]
      },
      "id": "node/8867809017"
    },
    {
      "type": "Feature",
      "properties": {
        "@id": "node/8867809024",
        "amenity": "vending_machine",
        "vending": "drinks"
      },
      "geometry": {
        "type": "Point",
        "coordinates": [
          27.4679584,
          42.5274622
        ]
      },
      "id": "node/8867809024"
    },
    {
      "type": "Feature",
      "properties": {
        "@id": "node/8867937064",
        "amenity": "vending_machine",
        "vending": "drinks"
      },
      "geometry": {
        "type": "Point",
        "coordinates": [
          27.4677278,
          42.527409
        ]
      },
      "id": "node/8867937064"
    },
    {
      "type": "Feature",
      "properties": {
        "@id": "node/8890757767",
        "amenity": "vending_machine",
        "vending": "food"
      },
      "geometry": {
        "type": "Point",
        "coordinates": [
          25.5841041,
          41.9323462
        ]
      },
      "id": "node/8890757767"
    },
    {
      "type": "Feature",
      "properties": {
        "@id": "node/8992069993",
        "amenity": "vending_machine",
        "payment:coins": "yes",
        "vending": "coffee"
      },
      "geometry": {
        "type": "Point",
        "coordinates": [
          24.0343074,
          41.7161766
        ]
      },
      "id": "node/8992069993"
    },
    {
      "type": "Feature",
      "properties": {
        "@id": "node/9004953529",
        "amenity": "vending_machine",
        "vending": "drinks"
      },
      "geometry": {
        "type": "Point",
        "coordinates": [
          27.7591815,
          42.7128761
        ]
      },
      "id": "node/9004953529"
    },
    {
      "type": "Feature",
      "properties": {
        "@id": "node/9005027002",
        "amenity": "vending_machine",
        "vending": "drinks"
      },
      "geometry": {
        "type": "Point",
        "coordinates": [
          27.7592892,
          42.7138756
        ]
      },
      "id": "node/9005027002"
    },
    {
      "type": "Feature",
      "properties": {
        "@id": "node/9025403075",
        "amenity": "vending_machine",
        "vending": "drinks"
      },
      "geometry": {
        "type": "Point",
        "coordinates": [
          24.7343392,
          42.1607589
        ]
      },
      "id": "node/9025403075"
    },
    {
      "type": "Feature",
      "properties": {
        "@id": "node/9045692105",
        "amenity": "vending_machine",
        "vending": "parking_tickets"
      },
      "geometry": {
        "type": "Point",
        "coordinates": [
          28.0789414,
          43.3673899
        ]
      },
      "id": "node/9045692105"
    },
    {
      "type": "Feature",
      "properties": {
        "@id": "node/9064028635",
        "amenity": "vending_machine",
        "vending": "drinks"
      },
      "geometry": {
        "type": "Point",
        "coordinates": [
          24.9000719,
          43.2215577
        ]
      },
      "id": "node/9064028635"
    },
    {
      "type": "Feature",
      "properties": {
        "@id": "node/9066572196",
        "amenity": "vending_machine",
        "vending": "drinks"
      },
      "geometry": {
        "type": "Point",
        "coordinates": [
          24.7161827,
          43.1250844
        ]
      },
      "id": "node/9066572196"
    },
    {
      "type": "Feature",
      "properties": {
        "@id": "node/9066572215",
        "amenity": "vending_machine",
        "vending": "drinks"
      },
      "geometry": {
        "type": "Point",
        "coordinates": [
          24.716139,
          43.1250537
        ]
      },
      "id": "node/9066572215"
    },
    {
      "type": "Feature",
      "properties": {
        "@id": "node/9077162830",
        "amenity": "vending_machine",
        "vending": "coffee"
      },
      "geometry": {
        "type": "Point",
        "coordinates": [
          26.7844188,
          43.1222955
        ]
      },
      "id": "node/9077162830"
    },
    {
      "type": "Feature",
      "properties": {
        "@id": "node/9079913090",
        "amenity": "vending_machine",
        "check_date": "2026-05-27",
        "name": "Кафе \"Мечта\"",
        "vending": "coffee"
      },
      "geometry": {
        "type": "Point",
        "coordinates": [
          27.912827,
          43.2010473
        ]
      },
      "id": "node/9079913090"
    },
    {
      "type": "Feature",
      "properties": {
        "@id": "node/9084710553",
        "amenity": "vending_machine",
        "vending": "coffee"
      },
      "geometry": {
        "type": "Point",
        "coordinates": [
          27.6124381,
          42.5666798
        ]
      },
      "id": "node/9084710553"
    },
    {
      "type": "Feature",
      "properties": {
        "@id": "node/9129905573",
        "amenity": "vending_machine",
        "branch": "Machine",
        "vending": "coffee"
      },
      "geometry": {
        "type": "Point",
        "coordinates": [
          24.3516345,
          41.6341644
        ]
      },
      "id": "node/9129905573"
    },
    {
      "type": "Feature",
      "properties": {
        "@id": "node/9132525756",
        "amenity": "vending_machine",
        "name": "Кафе \"Мечта\"",
        "vending": "coffee"
      },
      "geometry": {
        "type": "Point",
        "coordinates": [
          27.932712,
          43.216496
        ]
      },
      "id": "node/9132525756"
    },
    {
      "type": "Feature",
      "properties": {
        "@id": "node/9149684892",
        "amenity": "vending_machine",
        "vending": "coffee;drinks;milk"
      },
      "geometry": {
        "type": "Point",
        "coordinates": [
          27.6808576,
          42.0936157
        ]
      },
      "id": "node/9149684892"
    },
    {
      "type": "Feature",
      "properties": {
        "@id": "node/9172121005",
        "amenity": "vending_machine",
        "name": "Автомат за пчелен мед",
        "vending": "honey"
      },
      "geometry": {
        "type": "Point",
        "coordinates": [
          27.9412295,
          43.2147802
        ]
      },
      "id": "node/9172121005"
    },
    {
      "type": "Feature",
      "properties": {
        "@id": "node/9197844966",
        "amenity": "vending_machine",
        "check_date": "2025-10-27",
        "vending": "coffee"
      },
      "geometry": {
        "type": "Point",
        "coordinates": [
          22.929005,
          42.9210859
        ]
      },
      "id": "node/9197844966"
    },
    {
      "type": "Feature",
      "properties": {
        "@id": "node/9240314445",
        "amenity": "vending_machine",
        "indoor": "no",
        "payment:coins": "yes",
        "vending": "coffee"
      },
      "geometry": {
        "type": "Point",
        "coordinates": [
          25.5607461,
          41.9329513
        ]
      },
      "id": "node/9240314445"
    },
    {
      "type": "Feature",
      "properties": {
        "@id": "node/9240314453",
        "amenity": "vending_machine",
        "indoor": "no",
        "payment:coins": "yes",
        "vending": "coffee"
      },
      "geometry": {
        "type": "Point",
        "coordinates": [
          25.5570248,
          41.9314475
        ]
      },
      "id": "node/9240314453"
    },
    {
      "type": "Feature",
      "properties": {
        "@id": "node/9240314465",
        "amenity": "vending_machine",
        "covered": "yes",
        "indoor": "no",
        "payment:coins": "yes",
        "vending": "coffee"
      },
      "geometry": {
        "type": "Point",
        "coordinates": [
          25.5596091,
          41.9317633
        ]
      },
      "id": "node/9240314465"
    },
    {
      "type": "Feature",
      "properties": {
        "@id": "node/9240314470",
        "amenity": "vending_machine",
        "covered": "yes",
        "indoor": "no",
        "payment:coins": "yes",
        "vending": "coffee"
      },
      "geometry": {
        "type": "Point",
        "coordinates": [
          25.556082,
          41.9310943
        ]
      },
      "id": "node/9240314470"
    },
    {
      "type": "Feature",
      "properties": {
        "@id": "node/9318250412",
        "amenity": "vending_machine",
        "vending": "coffee"
      },
      "geometry": {
        "type": "Point",
        "coordinates": [
          27.9528746,
          43.2265001
        ]
      },
      "id": "node/9318250412"
    },
    {
      "type": "Feature",
      "properties": {
        "@id": "node/9348405261",
        "amenity": "vending_machine",
        "check_date": "2024-09-14",
        "name": "Кафе Мечта",
        "payment:cash": "yes",
        "vending": "coffee"
      },
      "geometry": {
        "type": "Point",
        "coordinates": [
          27.9017855,
          43.2266705
        ]
      },
      "id": "node/9348405261"
    },
    {
      "type": "Feature",
      "properties": {
        "@id": "node/9348405262",
        "amenity": "vending_machine",
        "name": "Кафе Мечта",
        "payment:cash": "yes",
        "vending": "coffee"
      },
      "geometry": {
        "type": "Point",
        "coordinates": [
          27.9019687,
          43.2276888
        ]
      },
      "id": "node/9348405262"
    },
    {
      "type": "Feature",
      "properties": {
        "@id": "node/9348405263",
        "amenity": "vending_machine",
        "name": "Кафе Мечта",
        "payment:cash": "yes",
        "vending": "coffee"
      },
      "geometry": {
        "type": "Point",
        "coordinates": [
          27.8950978,
          43.2253902
        ]
      },
      "id": "node/9348405263"
    },
    {
      "type": "Feature",
      "properties": {
        "@id": "node/9349965431",
        "amenity": "vending_machine",
        "name": "Кафе Мечта",
        "payment:cash": "yes",
        "vending": "coffee"
      },
      "geometry": {
        "type": "Point",
        "coordinates": [
          27.884426,
          43.2395054
        ]
      },
      "id": "node/9349965431"
    },
    {
      "type": "Feature",
      "properties": {
        "@id": "node/9349965432",
        "amenity": "vending_machine",
        "name": "Кафе Мечта",
        "payment:cash": "yes",
        "vending": "coffee"
      },
      "geometry": {
        "type": "Point",
        "coordinates": [
          27.9165279,
          43.2188788
        ]
      },
      "id": "node/9349965432"
    },
    {
      "type": "Feature",
      "properties": {
        "@id": "node/9349965433",
        "amenity": "vending_machine",
        "name": "Кафе Мечта",
        "payment:cash": "yes",
        "vending": "coffee"
      },
      "geometry": {
        "type": "Point",
        "coordinates": [
          27.9172571,
          43.2178997
        ]
      },
      "id": "node/9349965433"
    },
    {
      "type": "Feature",
      "properties": {
        "@id": "node/9352211566",
        "amenity": "vending_machine",
        "vending": "drinks"
      },
      "geometry": {
        "type": "Point",
        "coordinates": [
          27.7350701,
          42.6584484
        ]
      },
      "id": "node/9352211566"
    },
    {
      "type": "Feature",
      "properties": {
        "@id": "node/9352211571",
        "amenity": "vending_machine",
        "vending": "drinks"
      },
      "geometry": {
        "type": "Point",
        "coordinates": [
          27.735681,
          42.6593236
        ]
      },
      "id": "node/9352211571"
    },
    {
      "type": "Feature",
      "properties": {
        "@id": "node/9393193025",
        "amenity": "vending_machine",
        "name": "Кафе Мечта",
        "name:en": "Coffee dispenser \"Mechta\"",
        "vending": "coffee"
      },
      "geometry": {
        "type": "Point",
        "coordinates": [
          27.8848326,
          43.2287515
        ]
      },
      "id": "node/9393193025"
    },
    {
      "type": "Feature",
      "properties": {
        "@id": "node/9403335158",
        "amenity": "vending_machine",
        "name": "Кафе Мечта",
        "payment:cash": "yes",
        "vending": "coffee"
      },
      "geometry": {
        "type": "Point",
        "coordinates": [
          27.8750265,
          43.2991048
        ]
      },
      "id": "node/9403335158"
    },
    {
      "type": "Feature",
      "properties": {
        "@id": "node/9413581245",
        "amenity": "vending_machine",
        "vending": "coffee"
      },
      "geometry": {
        "type": "Point",
        "coordinates": [
          27.9093625,
          43.2039167
        ]
      },
      "id": "node/9413581245"
    },
    {
      "type": "Feature",
      "properties": {
        "@id": "node/9431108339",
        "amenity": "vending_machine",
        "check_date": "2026-05-11",
        "operator": "ТАСРУД",
        "payment:coins": "yes",
        "payment:maestro": "yes",
        "payment:mastercard": "yes",
        "payment:notes": "yes",
        "payment:visa": "yes",
        "payment:visa_electron": "yes",
        "vending": "public_transport_tickets"
      },
      "geometry": {
        "type": "Point",
        "coordinates": [
          27.9281688,
          43.2155105
        ]
      },
      "id": "node/9431108339"
    },
    {
      "type": "Feature",
      "properties": {
        "@id": "node/9432777319",
        "amenity": "vending_machine",
        "check_date": "2026-07-08",
        "operator": "ТАСРУД",
        "payment:coins": "yes",
        "payment:maestro": "yes",
        "payment:mastercard": "yes",
        "payment:notes": "yes",
        "payment:visa": "yes",
        "payment:visa_electron": "yes",
        "vending": "public_transport_tickets"
      },
      "geometry": {
        "type": "Point",
        "coordinates": [
          27.9185021,
          43.2079862
        ]
      },
      "id": "node/9432777319"
    },
    {
      "type": "Feature",
      "properties": {
        "@id": "node/9432777320",
        "amenity": "vending_machine",
        "check_date": "2026-06-03",
        "operator": "ТАСРУД",
        "payment:coins": "yes",
        "payment:maestro": "yes",
        "payment:mastercard": "yes",
        "payment:notes": "yes",
        "payment:visa": "yes",
        "payment:visa_electron": "yes",
        "vending": "public_transport_tickets"
      },
      "geometry": {
        "type": "Point",
        "coordinates": [
          27.9165736,
          43.2071788
        ]
      },
      "id": "node/9432777320"
    },
    {
      "type": "Feature",
      "properties": {
        "@id": "node/9432777321",
        "amenity": "vending_machine",
        "check_date": "2026-05-25",
        "operator": "ТАСРУД",
        "payment:coins": "yes",
        "payment:maestro": "yes",
        "payment:mastercard": "yes",
        "payment:notes": "yes",
        "payment:visa": "yes",
        "payment:visa_electron": "yes",
        "vending": "public_transport_tickets"
      },
      "geometry": {
        "type": "Point",
        "coordinates": [
          27.9202254,
          43.2095853
        ]
      },
      "id": "node/9432777321"
    },
    {
      "type": "Feature",
      "properties": {
        "@id": "node/9432777322",
        "amenity": "vending_machine",
        "operator": "ТАСРУД",
        "payment:coins": "yes",
        "payment:maestro": "yes",
        "payment:mastercard": "yes",
        "payment:notes": "yes",
        "payment:visa": "yes",
        "payment:visa_electron": "yes",
        "vending": "public_transport_tickets"
      },
      "geometry": {
        "type": "Point",
        "coordinates": [
          27.9236211,
          43.2121668
        ]
      },
      "id": "node/9432777322"
    },
    {
      "type": "Feature",
      "properties": {
        "@id": "node/9432777323",
        "amenity": "vending_machine",
        "operator": "ТАСРУД",
        "payment:coins": "yes",
        "payment:maestro": "yes",
        "payment:mastercard": "yes",
        "payment:notes": "yes",
        "payment:visa": "yes",
        "payment:visa_electron": "yes",
        "vending": "public_transport_tickets"
      },
      "geometry": {
        "type": "Point",
        "coordinates": [
          27.9246504,
          43.2126692
        ]
      },
      "id": "node/9432777323"
    },
    {
      "type": "Feature",
      "properties": {
        "@id": "node/9464382201",
        "amenity": "vending_machine",
        "vending": "coffee"
      },
      "geometry": {
        "type": "Point",
        "coordinates": [
          27.8685164,
          43.2156717
        ]
      },
      "id": "node/9464382201"
    },
    {
      "type": "Feature",
      "properties": {
        "@id": "node/9464382202",
        "amenity": "vending_machine",
        "vending": "coffee"
      },
      "geometry": {
        "type": "Point",
        "coordinates": [
          27.8683059,
          43.2156355
        ]
      },
      "id": "node/9464382202"
    },
    {
      "type": "Feature",
      "properties": {
        "@id": "node/9548161599",
        "amenity": "vending_machine",
        "name": "Кафе Мечта",
        "vending": "coffee"
      },
      "geometry": {
        "type": "Point",
        "coordinates": [
          27.9119063,
          43.2021881
        ]
      },
      "id": "node/9548161599"
    },
    {
      "type": "Feature",
      "properties": {
        "@id": "node/9555515285",
        "amenity": "vending_machine",
        "name": "Кафе Мечта",
        "payment:cash": "yes",
        "vending": "coffee"
      },
      "geometry": {
        "type": "Point",
        "coordinates": [
          27.9007621,
          43.2160744
        ]
      },
      "id": "node/9555515285"
    },
    {
      "type": "Feature",
      "properties": {
        "@id": "node/9555594292",
        "amenity": "vending_machine",
        "name": "Кафе Мечта",
        "payment:cash": "yes",
        "vending": "coffee"
      },
      "geometry": {
        "type": "Point",
        "coordinates": [
          27.9076996,
          43.2106537
        ]
      },
      "id": "node/9555594292"
    },
    {
      "type": "Feature",
      "properties": {
        "@id": "node/9588996590",
        "amenity": "vending_machine",
        "name": "Кафе Мечта",
        "payment:cash": "yes",
        "vending": "coffee"
      },
      "geometry": {
        "type": "Point",
        "coordinates": [
          27.897382,
          43.1805762
        ]
      },
      "id": "node/9588996590"
    },
    {
      "type": "Feature",
      "properties": {
        "@id": "node/9591454289",
        "amenity": "vending_machine",
        "vending": "drinks"
      },
      "geometry": {
        "type": "Point",
        "coordinates": [
          27.703506,
          42.6568633
        ]
      },
      "id": "node/9591454289"
    },
    {
      "type": "Feature",
      "properties": {
        "@id": "node/9620289399",
        "amenity": "vending_machine",
        "vending": "drinks"
      },
      "geometry": {
        "type": "Point",
        "coordinates": [
          23.3132988,
          42.7111254
        ]
      },
      "id": "node/9620289399"
    },
    {
      "type": "Feature",
      "properties": {
        "@id": "node/9662226460",
        "amenity": "vending_machine",
        "name": "Кафе Мечта",
        "vending": "coffee"
      },
      "geometry": {
        "type": "Point",
        "coordinates": [
          27.9030909,
          43.2090797
        ]
      },
      "id": "node/9662226460"
    },
    {
      "type": "Feature",
      "properties": {
        "@id": "node/9664941825",
        "amenity": "vending_machine",
        "name": "Кафе Мечта",
        "vending": "coffee"
      },
      "geometry": {
        "type": "Point",
        "coordinates": [
          27.940364,
          43.2154416
        ]
      },
      "id": "node/9664941825"
    },
    {
      "type": "Feature",
      "properties": {
        "@id": "node/9668273594",
        "amenity": "vending_machine",
        "vending": "drinks"
      },
      "geometry": {
        "type": "Point",
        "coordinates": [
          23.393523,
          42.6467885
        ]
      },
      "id": "node/9668273594"
    },
    {
      "type": "Feature",
      "properties": {
        "@id": "node/9670945017",
        "amenity": "vending_machine"
      },
      "geometry": {
        "type": "Point",
        "coordinates": [
          23.0465352,
          43.015774
        ]
      },
      "id": "node/9670945017"
    },
    {
      "type": "Feature",
      "properties": {
        "@id": "node/9671635648",
        "amenity": "vending_machine",
        "name": "Кафе Мечта",
        "payment:cash": "yes",
        "vending": "coffee"
      },
      "geometry": {
        "type": "Point",
        "coordinates": [
          27.9092557,
          43.2152312
        ]
      },
      "id": "node/9671635648"
    },
    {
      "type": "Feature",
      "properties": {
        "@id": "node/9696105127",
        "amenity": "vending_machine",
        "level": "-1",
        "operator": "Метрополитен",
        "operator:wikidata": "Q234707",
        "payment:cards": "no",
        "payment:coins": "yes",
        "payment:notes": "yes",
        "vending": "public_transport_tickets"
      },
      "geometry": {
        "type": "Point",
        "coordinates": [
          23.3013672,
          42.6793592
        ]
      },
      "id": "node/9696105127"
    },
    {
      "type": "Feature",
      "properties": {
        "@id": "node/9704941366",
        "amenity": "vending_machine",
        "vending": "drinks"
      },
      "geometry": {
        "type": "Point",
        "coordinates": [
          27.7108449,
          42.656557
        ]
      },
      "id": "node/9704941366"
    },
    {
      "type": "Feature",
      "properties": {
        "@id": "node/9794532046",
        "amenity": "vending_machine",
        "vending": "drinks"
      },
      "geometry": {
        "type": "Point",
        "coordinates": [
          27.7354203,
          42.6582183
        ]
      },
      "id": "node/9794532046"
    },
    {
      "type": "Feature",
      "properties": {
        "@id": "node/9802023781",
        "amenity": "vending_machine",
        "check_date": "2025-10-23",
        "payment:coins": "yes",
        "vending": "coffee;tea"
      },
      "geometry": {
        "type": "Point",
        "coordinates": [
          24.7648266,
          42.1431987
        ]
      },
      "id": "node/9802023781"
    },
    {
      "type": "Feature",
      "properties": {
        "@id": "node/9812070080",
        "amenity": "vending_machine",
        "vending": "ice_cream"
      },
      "geometry": {
        "type": "Point",
        "coordinates": [
          23.3072242,
          42.6963207
        ]
      },
      "id": "node/9812070080"
    },
    {
      "type": "Feature",
      "properties": {
        "@id": "node/9854614771",
        "amenity": "vending_machine"
      },
      "geometry": {
        "type": "Point",
        "coordinates": [
          26.5980905,
          41.9640312
        ]
      },
      "id": "node/9854614771"
    },
    {
      "type": "Feature",
      "properties": {
        "@id": "node/9871679157",
        "amenity": "vending_machine",
        "vending": "coffee"
      },
      "geometry": {
        "type": "Point",
        "coordinates": [
          27.9122405,
          43.2271001
        ]
      },
      "id": "node/9871679157"
    },
    {
      "type": "Feature",
      "properties": {
        "@id": "node/9871679158",
        "amenity": "vending_machine",
        "vending": "coffee"
      },
      "geometry": {
        "type": "Point",
        "coordinates": [
          27.9123679,
          43.2269574
        ]
      },
      "id": "node/9871679158"
    },
    {
      "type": "Feature",
      "properties": {
        "@id": "node/9873283547",
        "amenity": "vending_machine",
        "check_date": "2024-12-09",
        "vending": "coffee"
      },
      "geometry": {
        "type": "Point",
        "coordinates": [
          27.9297204,
          43.2243707
        ]
      },
      "id": "node/9873283547"
    },
    {
      "type": "Feature",
      "properties": {
        "@id": "node/9873283548",
        "amenity": "vending_machine",
        "check_date": "2024-12-09",
        "vending": "drinks"
      },
      "geometry": {
        "type": "Point",
        "coordinates": [
          27.9297405,
          43.2243648
        ]
      },
      "id": "node/9873283548"
    },
    {
      "type": "Feature",
      "properties": {
        "@id": "node/9909507503",
        "amenity": "vending_machine",
        "vending": "coffee"
      },
      "geometry": {
        "type": "Point",
        "coordinates": [
          27.9298156,
          43.2200766
        ]
      },
      "id": "node/9909507503"
    },
    {
      "type": "Feature",
      "properties": {
        "@id": "node/9921313791",
        "amenity": "vending_machine",
        "vending": "drinks"
      },
      "geometry": {
        "type": "Point",
        "coordinates": [
          27.7601193,
          42.7119188
        ]
      },
      "id": "node/9921313791"
    },
    {
      "type": "Feature",
      "properties": {
        "@id": "node/9937016774",
        "amenity": "vending_machine",
        "vending": "coffee"
      },
      "geometry": {
        "type": "Point",
        "coordinates": [
          27.4278194,
          42.0463319
        ]
      },
      "id": "node/9937016774"
    },
    {
      "type": "Feature",
      "properties": {
        "@id": "node/9963299191",
        "amenity": "vending_machine",
        "check_date": "2024-12-02",
        "payment:coins": "yes",
        "payment:notes": "no",
        "vending": "coffee"
      },
      "geometry": {
        "type": "Point",
        "coordinates": [
          27.9245979,
          43.2214321
        ]
      },
      "id": "node/9963299191"
    },
    {
      "type": "Feature",
      "properties": {
        "@id": "node/9963299192",
        "amenity": "vending_machine",
        "check_date": "2026-04-29",
        "payment:coins": "yes",
        "payment:notes": "no",
        "vending": "coffee"
      },
      "geometry": {
        "type": "Point",
        "coordinates": [
          27.9247314,
          43.2212623
        ]
      },
      "id": "node/9963299192"
    },
    {
      "type": "Feature",
      "properties": {
        "@id": "node/9963299193",
        "amenity": "vending_machine",
        "check_date": "2024-12-02",
        "payment:coins": "yes",
        "payment:notes": "no",
        "vending": "coffee"
      },
      "geometry": {
        "type": "Point",
        "coordinates": [
          27.9247234,
          43.221179
        ]
      },
      "id": "node/9963299193"
    },
    {
      "type": "Feature",
      "properties": {
        "@id": "node/9963299194",
        "amenity": "vending_machine",
        "check_date": "2024-12-02",
        "payment:coins": "yes",
        "payment:notes": "no",
        "vending": "coffee"
      },
      "geometry": {
        "type": "Point",
        "coordinates": [
          27.9245518,
          43.2212171
        ]
      },
      "id": "node/9963299194"
    },
    {
      "type": "Feature",
      "properties": {
        "@id": "node/9964127350",
        "amenity": "vending_machine",
        "vending": "coffee"
      },
      "geometry": {
        "type": "Point",
        "coordinates": [
          28.0265442,
          43.2588586
        ]
      },
      "id": "node/9964127350"
    },
    {
      "type": "Feature",
      "properties": {
        "@id": "node/9977421959",
        "amenity": "vending_machine",
        "vending": "coffee"
      },
      "geometry": {
        "type": "Point",
        "coordinates": [
          27.9300115,
          43.2105706
        ]
      },
      "id": "node/9977421959"
    },
    {
      "type": "Feature",
      "properties": {
        "@id": "node/9977421960",
        "amenity": "vending_machine",
        "vending": "coffee"
      },
      "geometry": {
        "type": "Point",
        "coordinates": [
          27.9299927,
          43.2105667
        ]
      },
      "id": "node/9977421960"
    },
    {
      "type": "Feature",
      "properties": {
        "@id": "node/9987704472",
        "amenity": "vending_machine",
        "vending": "drinks"
      },
      "geometry": {
        "type": "Point",
        "coordinates": [
          27.7025823,
          42.6546499
        ]
      },
      "id": "node/9987704472"
    },
    {
      "type": "Feature",
      "properties": {
        "@id": "node/9987722823",
        "amenity": "vending_machine",
        "vending": "drinks"
      },
      "geometry": {
        "type": "Point",
        "coordinates": [
          27.7026288,
          42.6543802
        ]
      },
      "id": "node/9987722823"
    },
    {
      "type": "Feature",
      "properties": {
        "@id": "node/9987722881",
        "amenity": "vending_machine",
        "vending": "drinks"
      },
      "geometry": {
        "type": "Point",
        "coordinates": [
          27.7025276,
          42.6554542
        ]
      },
      "id": "node/9987722881"
    },
    {
      "type": "Feature",
      "properties": {
        "@id": "node/9990817865",
        "amenity": "vending_machine",
        "vending": "parking_tickets"
      },
      "geometry": {
        "type": "Point",
        "coordinates": [
          25.3947678,
          42.6199248
        ]
      },
      "id": "node/9990817865"
    },
    {
      "type": "Feature",
      "properties": {
        "@id": "node/10004792905",
        "amenity": "vending_machine",
        "vending": "coffee"
      },
      "geometry": {
        "type": "Point",
        "coordinates": [
          27.9405732,
          42.1010396
        ]
      },
      "id": "node/10004792905"
    },
    {
      "type": "Feature",
      "properties": {
        "@id": "node/10004804452",
        "amenity": "vending_machine",
        "vending": "coffee"
      },
      "geometry": {
        "type": "Point",
        "coordinates": [
          27.9402504,
          42.1011658
        ]
      },
      "id": "node/10004804452"
    },
    {
      "type": "Feature",
      "properties": {
        "@id": "node/10007939883",
        "amenity": "vending_machine",
        "vending": "coffee"
      },
      "geometry": {
        "type": "Point",
        "coordinates": [
          27.9395989,
          42.0994654
        ]
      },
      "id": "node/10007939883"
    },
    {
      "type": "Feature",
      "properties": {
        "@id": "node/10007956479",
        "amenity": "vending_machine",
        "vending": "coffee"
      },
      "geometry": {
        "type": "Point",
        "coordinates": [
          27.939707,
          42.0995841
        ]
      },
      "id": "node/10007956479"
    },
    {
      "type": "Feature",
      "properties": {
        "@id": "node/10010473866",
        "amenity": "vending_machine"
      },
      "geometry": {
        "type": "Point",
        "coordinates": [
          24.2882494,
          43.0356131
        ]
      },
      "id": "node/10010473866"
    },
    {
      "type": "Feature",
      "properties": {
        "@id": "node/10024433422",
        "amenity": "vending_machine",
        "check_date": "2025-02-01",
        "vending": "coffee"
      },
      "geometry": {
        "type": "Point",
        "coordinates": [
          27.9253861,
          43.2121308
        ]
      },
      "id": "node/10024433422"
    },
    {
      "type": "Feature",
      "properties": {
        "@id": "node/10051655137",
        "amenity": "vending_machine",
        "check_date": "2025-08-30",
        "payment:coins": "yes",
        "vending": "coffee"
      },
      "geometry": {
        "type": "Point",
        "coordinates": [
          27.9191505,
          43.2061646
        ]
      },
      "id": "node/10051655137"
    },
    {
      "type": "Feature",
      "properties": {
        "@id": "node/10051655138",
        "amenity": "vending_machine",
        "payment:coins": "yes",
        "vending": "coffee"
      },
      "geometry": {
        "type": "Point",
        "coordinates": [
          27.9190841,
          43.2062374
        ]
      },
      "id": "node/10051655138"
    },
    {
      "type": "Feature",
      "properties": {
        "@id": "node/10055431335",
        "amenity": "vending_machine",
        "name": "Кафеавтомат"
      },
      "geometry": {
        "type": "Point",
        "coordinates": [
          24.8106916,
          43.0219112
        ]
      },
      "id": "node/10055431335"
    },
    {
      "type": "Feature",
      "properties": {
        "@id": "node/10066669042",
        "amenity": "vending_machine",
        "check_date": "2025-12-22",
        "vending": "drinks"
      },
      "geometry": {
        "type": "Point",
        "coordinates": [
          23.3032458,
          42.7332626
        ]
      },
      "id": "node/10066669042"
    },
    {
      "type": "Feature",
      "properties": {
        "@id": "node/10067682481",
        "amenity": "vending_machine",
        "payment:coins": "yes",
        "vending": "coffee"
      },
      "geometry": {
        "type": "Point",
        "coordinates": [
          23.3056585,
          42.7248353
        ]
      },
      "id": "node/10067682481"
    },
    {
      "type": "Feature",
      "properties": {
        "@id": "node/10115101306",
        "amenity": "vending_machine",
        "ref": "1",
        "vending": "fuel"
      },
      "geometry": {
        "type": "Point",
        "coordinates": [
          24.024581,
          42.9572148
        ]
      },
      "id": "node/10115101306"
    },
    {
      "type": "Feature",
      "properties": {
        "@id": "node/10115101307",
        "amenity": "vending_machine",
        "ref": "2",
        "vending": "fuel"
      },
      "geometry": {
        "type": "Point",
        "coordinates": [
          24.0245984,
          42.957207
        ]
      },
      "id": "node/10115101307"
    },
    {
      "type": "Feature",
      "properties": {
        "@id": "node/10115101308",
        "amenity": "vending_machine",
        "ref": "6",
        "vending": "fuel"
      },
      "geometry": {
        "type": "Point",
        "coordinates": [
          24.0247299,
          42.9571412
        ]
      },
      "id": "node/10115101308"
    },
    {
      "type": "Feature",
      "properties": {
        "@id": "node/10115101309",
        "amenity": "vending_machine",
        "ref": "3",
        "vending": "fuel"
      },
      "geometry": {
        "type": "Point",
        "coordinates": [
          24.0246574,
          42.9571765
        ]
      },
      "id": "node/10115101309"
    },
    {
      "type": "Feature",
      "properties": {
        "@id": "node/10115101310",
        "amenity": "vending_machine",
        "ref": "4",
        "vending": "fuel"
      },
      "geometry": {
        "type": "Point",
        "coordinates": [
          24.0246708,
          42.9571736
        ]
      },
      "id": "node/10115101310"
    },
    {
      "type": "Feature",
      "properties": {
        "@id": "node/10115101311",
        "amenity": "vending_machine",
        "ref": "7",
        "vending": "fuel"
      },
      "geometry": {
        "type": "Point",
        "coordinates": [
          24.0247741,
          42.9571127
        ]
      },
      "id": "node/10115101311"
    },
    {
      "type": "Feature",
      "properties": {
        "@id": "node/10115101312",
        "amenity": "vending_machine",
        "ref": "5",
        "vending": "fuel"
      },
      "geometry": {
        "type": "Point",
        "coordinates": [
          24.0247151,
          42.9571461
        ]
      },
      "id": "node/10115101312"
    },
    {
      "type": "Feature",
      "properties": {
        "@id": "node/10115101313",
        "amenity": "vending_machine",
        "ref": "8",
        "vending": "fuel"
      },
      "geometry": {
        "type": "Point",
        "coordinates": [
          24.0247902,
          42.9571078
        ]
      },
      "id": "node/10115101313"
    },
    {
      "type": "Feature",
      "properties": {
        "@id": "node/10115101314",
        "amenity": "vending_machine",
        "ref": "9",
        "vending": "fuel"
      },
      "geometry": {
        "type": "Point",
        "coordinates": [
          24.0248506,
          42.9570823
        ]
      },
      "id": "node/10115101314"
    },
    {
      "type": "Feature",
      "properties": {
        "@id": "node/10115101315",
        "amenity": "vending_machine",
        "ref": "10",
        "vending": "fuel"
      },
      "geometry": {
        "type": "Point",
        "coordinates": [
          24.0249029,
          42.9570548
        ]
      },
      "id": "node/10115101315"
    },
    {
      "type": "Feature",
      "properties": {
        "@id": "node/10137365449",
        "amenity": "vending_machine",
        "indoor": "yes",
        "vending": "perfumes"
      },
      "geometry": {
        "type": "Point",
        "coordinates": [
          23.3181808,
          42.7004017
        ]
      },
      "id": "node/10137365449"
    },
    {
      "type": "Feature",
      "properties": {
        "@id": "node/10154795508",
        "amenity": "vending_machine",
        "check_date": "2025-07-18",
        "description": "Машина с награда голямо плюшено мече",
        "name": "Pink Date"
      },
      "geometry": {
        "type": "Point",
        "coordinates": [
          23.3043942,
          42.6766438
        ]
      },
      "id": "node/10154795508"
    },
    {
      "type": "Feature",
      "properties": {
        "@id": "node/10157390143",
        "amenity": "vending_machine",
        "check_date": "2022-11-04",
        "payment:coins": "yes",
        "vending": "coffee"
      },
      "geometry": {
        "type": "Point",
        "coordinates": [
          27.4715541,
          42.4955783
        ]
      },
      "id": "node/10157390143"
    },
    {
      "type": "Feature",
      "properties": {
        "@id": "node/10157390194",
        "amenity": "vending_machine",
        "check_date": "2022-11-04",
        "payment:coins": "yes",
        "vending": "coffee"
      },
      "geometry": {
        "type": "Point",
        "coordinates": [
          27.4735937,
          42.4936696
        ]
      },
      "id": "node/10157390194"
    },
    {
      "type": "Feature",
      "properties": {
        "@id": "node/10186187564",
        "amenity": "vending_machine",
        "vending": "coffee"
      },
      "geometry": {
        "type": "Point",
        "coordinates": [
          27.0445133,
          42.4802951
        ]
      },
      "id": "node/10186187564"
    },
    {
      "type": "Feature",
      "properties": {
        "@id": "node/10189110025",
        "amenity": "vending_machine",
        "vending": "elongated_coin"
      },
      "geometry": {
        "type": "Point",
        "coordinates": [
          25.3212812,
          42.7481019
        ]
      },
      "id": "node/10189110025"
    },
    {
      "type": "Feature",
      "properties": {
        "@id": "node/10200543017",
        "amenity": "vending_machine",
        "vending": "coffee"
      },
      "geometry": {
        "type": "Point",
        "coordinates": [
          25.4804842,
          42.9793906
        ]
      },
      "id": "node/10200543017"
    },
    {
      "type": "Feature",
      "properties": {
        "@id": "node/10200543018",
        "amenity": "vending_machine",
        "vending": "sweets"
      },
      "geometry": {
        "type": "Point",
        "coordinates": [
          25.4804848,
          42.9794153
        ]
      },
      "id": "node/10200543018"
    },
    {
      "type": "Feature",
      "properties": {
        "@id": "node/10204729960",
        "amenity": "vending_machine",
        "vending": "coffee"
      },
      "geometry": {
        "type": "Point",
        "coordinates": [
          25.476732,
          42.9810851
        ]
      },
      "id": "node/10204729960"
    },
    {
      "type": "Feature",
      "properties": {
        "@id": "node/10213440293",
        "amenity": "vending_machine",
        "vending": "fresh_juice"
      },
      "geometry": {
        "type": "Point",
        "coordinates": [
          27.938143,
          42.0997838
        ]
      },
      "id": "node/10213440293"
    },
    {
      "type": "Feature",
      "properties": {
        "@id": "node/10213468399",
        "amenity": "vending_machine",
        "vending": "coffee"
      },
      "geometry": {
        "type": "Point",
        "coordinates": [
          27.9382173,
          42.0998304
        ]
      },
      "id": "node/10213468399"
    },
    {
      "type": "Feature",
      "properties": {
        "@id": "node/10213502624",
        "amenity": "vending_machine",
        "vending": "coffee"
      },
      "geometry": {
        "type": "Point",
        "coordinates": [
          27.9381071,
          42.0999139
        ]
      },
      "id": "node/10213502624"
    },
    {
      "type": "Feature",
      "properties": {
        "@id": "node/10213506967",
        "amenity": "vending_machine",
        "vending": "coffee"
      },
      "geometry": {
        "type": "Point",
        "coordinates": [
          27.9381445,
          42.0999353
        ]
      },
      "id": "node/10213506967"
    },
    {
      "type": "Feature",
      "properties": {
        "@id": "node/10221282791",
        "amenity": "vending_machine",
        "vending": "coffee"
      },
      "geometry": {
        "type": "Point",
        "coordinates": [
          25.4685313,
          42.9710651
        ]
      },
      "id": "node/10221282791"
    },
    {
      "type": "Feature",
      "properties": {
        "@id": "node/10221959482",
        "amenity": "vending_machine",
        "vending": "coffee"
      },
      "geometry": {
        "type": "Point",
        "coordinates": [
          27.9397507,
          42.0982495
        ]
      },
      "id": "node/10221959482"
    },
    {
      "type": "Feature",
      "properties": {
        "@id": "node/10222001427",
        "amenity": "vending_machine",
        "vending": "coffee"
      },
      "geometry": {
        "type": "Point",
        "coordinates": [
          27.9438957,
          42.0995905
        ]
      },
      "id": "node/10222001427"
    },
    {
      "type": "Feature",
      "properties": {
        "@id": "node/10222001434",
        "amenity": "vending_machine",
        "vending": "coffee"
      },
      "geometry": {
        "type": "Point",
        "coordinates": [
          27.9423956,
          42.0995873
        ]
      },
      "id": "node/10222001434"
    },
    {
      "type": "Feature",
      "properties": {
        "@id": "node/10222012473",
        "amenity": "vending_machine",
        "vending": "coffee"
      },
      "geometry": {
        "type": "Point",
        "coordinates": [
          27.9410501,
          42.100136
        ]
      },
      "id": "node/10222012473"
    },
    {
      "type": "Feature",
      "properties": {
        "@id": "node/10224958920",
        "amenity": "vending_machine",
        "vending": "coffee"
      },
      "geometry": {
        "type": "Point",
        "coordinates": [
          27.9427279,
          42.1014973
        ]
      },
      "id": "node/10224958920"
    },
    {
      "type": "Feature",
      "properties": {
        "@id": "node/10233304166",
        "amenity": "vending_machine",
        "vending": "coffee"
      },
      "geometry": {
        "type": "Point",
        "coordinates": [
          23.2684369,
          42.7160019
        ]
      },
      "id": "node/10233304166"
    },
    {
      "type": "Feature",
      "properties": {
        "@id": "node/10269845869",
        "amenity": "vending_machine",
        "vending": "coffee"
      },
      "geometry": {
        "type": "Point",
        "coordinates": [
          25.2030348,
          42.1759662
        ]
      },
      "id": "node/10269845869"
    },
    {
      "type": "Feature",
      "properties": {
        "@id": "node/10272583601",
        "amenity": "vending_machine",
        "vending": "coffee"
      },
      "geometry": {
        "type": "Point",
        "coordinates": [
          27.636527,
          42.4386938
        ]
      },
      "id": "node/10272583601"
    },
    {
      "type": "Feature",
      "properties": {
        "@id": "node/10300451197",
        "amenity": "vending_machine",
        "vending": "admission_tickets"
      },
      "geometry": {
        "type": "Point",
        "coordinates": [
          23.348038,
          42.6448333
        ]
      },
      "id": "node/10300451197"
    },
    {
      "type": "Feature",
      "properties": {
        "@id": "node/10434057520",
        "amenity": "vending_machine",
        "check_date": "2025-09-25"
      },
      "geometry": {
        "type": "Point",
        "coordinates": [
          23.3330763,
          42.6872806
        ]
      },
      "id": "node/10434057520"
    },
    {
      "type": "Feature",
      "properties": {
        "@id": "node/10434057521",
        "amenity": "vending_machine",
        "check_date": "2025-09-25"
      },
      "geometry": {
        "type": "Point",
        "coordinates": [
          23.3330673,
          42.6872884
        ]
      },
      "id": "node/10434057521"
    },
    {
      "type": "Feature",
      "properties": {
        "@id": "node/10434057522",
        "amenity": "vending_machine",
        "check_date": "2025-09-25"
      },
      "geometry": {
        "type": "Point",
        "coordinates": [
          23.3330546,
          42.6872994
        ]
      },
      "id": "node/10434057522"
    },
    {
      "type": "Feature",
      "properties": {
        "@id": "node/10450425655",
        "amenity": "vending_machine",
        "vending": "coffee"
      },
      "geometry": {
        "type": "Point",
        "coordinates": [
          27.9461211,
          42.1010128
        ]
      },
      "id": "node/10450425655"
    },
    {
      "type": "Feature",
      "properties": {
        "@id": "node/10570043797",
        "amenity": "vending_machine",
        "vending": "coffee"
      },
      "geometry": {
        "type": "Point",
        "coordinates": [
          27.9420714,
          42.099581
        ]
      },
      "id": "node/10570043797"
    },
    {
      "type": "Feature",
      "properties": {
        "@id": "node/10570043799",
        "amenity": "vending_machine",
        "vending": "coffee"
      },
      "geometry": {
        "type": "Point",
        "coordinates": [
          27.9415232,
          42.1010125
        ]
      },
      "id": "node/10570043799"
    },
    {
      "type": "Feature",
      "properties": {
        "@id": "node/10575319257",
        "amenity": "vending_machine",
        "payment:coins": "yes",
        "vending": "parking_tickets"
      },
      "geometry": {
        "type": "Point",
        "coordinates": [
          25.632375,
          42.4258033
        ]
      },
      "id": "node/10575319257"
    },
    {
      "type": "Feature",
      "properties": {
        "@id": "node/10584704984",
        "amenity": "vending_machine",
        "operator": "Метрополитен",
        "operator:wikidata": "Q234707",
        "payment:cards": "no",
        "payment:coins": "yes",
        "payment:notes": "yes",
        "vending": "public_transport_tickets"
      },
      "geometry": {
        "type": "Point",
        "coordinates": [
          23.357137,
          42.6633949
        ]
      },
      "id": "node/10584704984"
    },
    {
      "type": "Feature",
      "properties": {
        "@id": "node/10584728644",
        "amenity": "vending_machine",
        "indoor": "yes",
        "operator": "Метрополитен",
        "operator:wikidata": "Q234707",
        "payment:cards": "no",
        "payment:coins": "yes",
        "payment:notes": "yes",
        "vending": "public_transport_tickets"
      },
      "geometry": {
        "type": "Point",
        "coordinates": [
          23.3568322,
          42.6634799
        ]
      },
      "id": "node/10584728644"
    },
    {
      "type": "Feature",
      "properties": {
        "@id": "node/10599161555",
        "amenity": "vending_machine",
        "indoor": "yes",
        "operator": "Метрополитен",
        "operator:wikidata": "Q234707",
        "payment:cards": "no",
        "payment:coins": "yes",
        "payment:notes": "yes",
        "vending": "public_transport_tickets"
      },
      "geometry": {
        "type": "Point",
        "coordinates": [
          23.3323298,
          42.6862584
        ]
      },
      "id": "node/10599161555"
    },
    {
      "type": "Feature",
      "properties": {
        "@id": "node/10599161556",
        "amenity": "vending_machine",
        "indoor": "yes",
        "operator": "Метрополитен",
        "operator:wikidata": "Q234707",
        "payment:cards": "no",
        "payment:coins": "yes",
        "payment:notes": "yes",
        "vending": "public_transport_tickets"
      },
      "geometry": {
        "type": "Point",
        "coordinates": [
          23.3323309,
          42.6862502
        ]
      },
      "id": "node/10599161556"
    },
    {
      "type": "Feature",
      "properties": {
        "@id": "node/10599312143",
        "amenity": "vending_machine",
        "vending": "public_transport_tickets"
      },
      "geometry": {
        "type": "Point",
        "coordinates": [
          23.3377436,
          42.6900668
        ]
      },
      "id": "node/10599312143"
    },
    {
      "type": "Feature",
      "properties": {
        "@id": "node/10599312144",
        "amenity": "vending_machine",
        "vending": "public_transport_tickets"
      },
      "geometry": {
        "type": "Point",
        "coordinates": [
          23.3377637,
          42.6900653
        ]
      },
      "id": "node/10599312144"
    },
    {
      "type": "Feature",
      "properties": {
        "@id": "node/10599815776",
        "amenity": "vending_machine",
        "check_date": "2026-05-10",
        "level": "-1",
        "operator": "Метрополитен",
        "operator:wikidata": "Q234707",
        "payment:cards": "no",
        "payment:coins": "yes",
        "payment:notes": "yes",
        "vending": "public_transport_tickets"
      },
      "geometry": {
        "type": "Point",
        "coordinates": [
          23.3365687,
          42.6906525
        ]
      },
      "id": "node/10599815776"
    },
    {
      "type": "Feature",
      "properties": {
        "@id": "node/10599815777",
        "amenity": "vending_machine",
        "check_date": "2026-05-10",
        "level": "-1",
        "operator": "Метрополитен",
        "operator:wikidata": "Q234707",
        "payment:cards": "no",
        "payment:coins": "yes",
        "payment:notes": "yes",
        "vending": "public_transport_tickets"
      },
      "geometry": {
        "type": "Point",
        "coordinates": [
          23.3365674,
          42.690685
        ]
      },
      "id": "node/10599815777"
    },
    {
      "type": "Feature",
      "properties": {
        "@id": "node/10606390333",
        "amenity": "vending_machine",
        "payment:coins": "yes",
        "vending": "coffee"
      },
      "geometry": {
        "type": "Point",
        "coordinates": [
          26.5139615,
          42.481831
        ]
      },
      "id": "node/10606390333"
    },
    {
      "type": "Feature",
      "properties": {
        "@id": "node/10606390334",
        "amenity": "vending_machine",
        "payment:coins": "yes",
        "vending": "coffee"
      },
      "geometry": {
        "type": "Point",
        "coordinates": [
          26.5136487,
          42.4813037
        ]
      },
      "id": "node/10606390334"
    },
    {
      "type": "Feature",
      "properties": {
        "@id": "node/10606390335",
        "amenity": "vending_machine",
        "payment:coins": "yes",
        "vending": "coffee"
      },
      "geometry": {
        "type": "Point",
        "coordinates": [
          26.5086416,
          42.4828165
        ]
      },
      "id": "node/10606390335"
    },
    {
      "type": "Feature",
      "properties": {
        "@id": "node/10606390336",
        "amenity": "vending_machine",
        "payment:coins": "yes",
        "vending": "coffee"
      },
      "geometry": {
        "type": "Point",
        "coordinates": [
          26.5022589,
          42.4870788
        ]
      },
      "id": "node/10606390336"
    },
    {
      "type": "Feature",
      "properties": {
        "@id": "node/10610566507",
        "amenity": "vending_machine",
        "vending": "coffee"
      },
      "geometry": {
        "type": "Point",
        "coordinates": [
          27.9443765,
          42.0977797
        ]
      },
      "id": "node/10610566507"
    },
    {
      "type": "Feature",
      "properties": {
        "@id": "node/10677805000",
        "amenity": "vending_machine",
        "level": "-1",
        "operator": "Метрополитен",
        "operator:wikidata": "Q234707",
        "payment:cards": "no",
        "payment:coins": "yes",
        "payment:notes": "yes",
        "vending": "public_transport_tickets"
      },
      "geometry": {
        "type": "Point",
        "coordinates": [
          23.3505186,
          42.6715654
        ]
      },
      "id": "node/10677805000"
    },
    {
      "type": "Feature",
      "properties": {
        "@id": "node/10677805001",
        "amenity": "vending_machine",
        "level": "-1",
        "operator": "Метрополитен",
        "operator:wikidata": "Q234707",
        "payment:cards": "no",
        "payment:coins": "yes",
        "payment:notes": "yes",
        "vending": "public_transport_tickets"
      },
      "geometry": {
        "type": "Point",
        "coordinates": [
          23.3505483,
          42.671588
        ]
      },
      "id": "node/10677805001"
    },
    {
      "type": "Feature",
      "properties": {
        "@id": "node/10680282634",
        "amenity": "vending_machine",
        "level": "-1",
        "operator": "Метрополитен",
        "operator:wikidata": "Q234707",
        "payment:cards": "no",
        "payment:coins": "yes",
        "payment:notes": "yes",
        "vending": "public_transport_tickets"
      },
      "geometry": {
        "type": "Point",
        "coordinates": [
          23.321745,
          42.6787986
        ]
      },
      "id": "node/10680282634"
    },
    {
      "type": "Feature",
      "properties": {
        "@id": "node/10680282635",
        "amenity": "vending_machine",
        "level": "-1",
        "operator": "Метрополитен",
        "operator:wikidata": "Q234707",
        "payment:cards": "no",
        "payment:coins": "yes",
        "payment:notes": "yes",
        "vending": "public_transport_tickets"
      },
      "geometry": {
        "type": "Point",
        "coordinates": [
          23.3217432,
          42.6788055
        ]
      },
      "id": "node/10680282635"
    },
    {
      "type": "Feature",
      "properties": {
        "@id": "node/10684122648",
        "amenity": "vending_machine",
        "level": "-1",
        "operator": "Метрополитен",
        "operator:wikidata": "Q234707",
        "payment:cards": "no",
        "payment:coins": "yes",
        "payment:notes": "yes",
        "vending": "public_transport_tickets"
      },
      "geometry": {
        "type": "Point",
        "coordinates": [
          23.3191144,
          42.687273
        ]
      },
      "id": "node/10684122648"
    },
    {
      "type": "Feature",
      "properties": {
        "@id": "node/10684122649",
        "amenity": "vending_machine",
        "level": "-1",
        "operator": "Метрополитен",
        "operator:wikidata": "Q234707",
        "payment:cards": "no",
        "payment:coins": "yes",
        "payment:notes": "yes",
        "vending": "public_transport_tickets"
      },
      "geometry": {
        "type": "Point",
        "coordinates": [
          23.3191134,
          42.6872848
        ]
      },
      "id": "node/10684122649"
    },
    {
      "type": "Feature",
      "properties": {
        "@id": "node/10699882174",
        "amenity": "vending_machine",
        "level": "-1",
        "vending": "public_transport_tickets"
      },
      "geometry": {
        "type": "Point",
        "coordinates": [
          23.3213094,
          42.6802879
        ]
      },
      "id": "node/10699882174"
    },
    {
      "type": "Feature",
      "properties": {
        "@id": "node/10699882175",
        "amenity": "vending_machine",
        "level": "-1",
        "vending": "public_transport_tickets"
      },
      "geometry": {
        "type": "Point",
        "coordinates": [
          23.3213105,
          42.680282
        ]
      },
      "id": "node/10699882175"
    },
    {
      "type": "Feature",
      "properties": {
        "@id": "node/10701574714",
        "amenity": "vending_machine"
      },
      "geometry": {
        "type": "Point",
        "coordinates": [
          26.2584764,
          42.5062866
        ]
      },
      "id": "node/10701574714"
    },
    {
      "type": "Feature",
      "properties": {
        "@id": "node/10706557438",
        "amenity": "vending_machine",
        "operator": "Метрополитен",
        "operator:wikidata": "Q234707",
        "payment:cards": "no",
        "payment:coins": "yes",
        "payment:notes": "yes",
        "vending": "public_transport_tickets"
      },
      "geometry": {
        "type": "Point",
        "coordinates": [
          23.3205811,
          42.6709903
        ]
      },
      "id": "node/10706557438"
    },
    {
      "type": "Feature",
      "properties": {
        "@id": "node/10706557439",
        "amenity": "vending_machine",
        "operator": "Метрополитен",
        "operator:wikidata": "Q234707",
        "payment:cards": "no",
        "payment:coins": "yes",
        "payment:notes": "yes",
        "vending": "public_transport_tickets"
      },
      "geometry": {
        "type": "Point",
        "coordinates": [
          23.3205788,
          42.6709873
        ]
      },
      "id": "node/10706557439"
    },
    {
      "type": "Feature",
      "properties": {
        "@id": "node/10707563897",
        "amenity": "vending_machine",
        "operator": "Метрополитен",
        "operator:wikidata": "Q234707",
        "payment:cards": "no",
        "payment:coins": "yes",
        "payment:notes": "yes",
        "vending": "public_transport_tickets"
      },
      "geometry": {
        "type": "Point",
        "coordinates": [
          23.3198304,
          42.6694945
        ]
      },
      "id": "node/10707563897"
    },
    {
      "type": "Feature",
      "properties": {
        "@id": "node/10707563898",
        "amenity": "vending_machine",
        "operator": "Метрополитен",
        "operator:wikidata": "Q234707",
        "payment:cards": "no",
        "payment:coins": "yes",
        "payment:notes": "yes",
        "vending": "public_transport_tickets"
      },
      "geometry": {
        "type": "Point",
        "coordinates": [
          23.3198254,
          42.6694857
        ]
      },
      "id": "node/10707563898"
    },
    {
      "type": "Feature",
      "properties": {
        "@id": "node/10709041010",
        "amenity": "vending_machine",
        "operator": "Метрополитен",
        "operator:wikidata": "Q234707",
        "payment:cards": "no",
        "payment:coins": "yes",
        "payment:notes": "yes",
        "vending": "public_transport_tickets"
      },
      "geometry": {
        "type": "Point",
        "coordinates": [
          23.3164269,
          42.658629
        ]
      },
      "id": "node/10709041010"
    },
    {
      "type": "Feature",
      "properties": {
        "@id": "node/10709041011",
        "amenity": "vending_machine",
        "operator": "Метрополитен",
        "operator:wikidata": "Q234707",
        "payment:cards": "no",
        "payment:coins": "yes",
        "payment:notes": "yes",
        "vending": "public_transport_tickets"
      },
      "geometry": {
        "type": "Point",
        "coordinates": [
          23.316431,
          42.6586586
        ]
      },
      "id": "node/10709041011"
    },
    {
      "type": "Feature",
      "properties": {
        "@id": "node/10709096163",
        "amenity": "vending_machine",
        "operator": "Метрополитен",
        "operator:wikidata": "Q234707",
        "payment:cards": "no",
        "payment:coins": "yes",
        "payment:notes": "yes",
        "vending": "public_transport_tickets"
      },
      "geometry": {
        "type": "Point",
        "coordinates": [
          23.316191,
          42.6574687
        ]
      },
      "id": "node/10709096163"
    },
    {
      "type": "Feature",
      "properties": {
        "@id": "node/10709096164",
        "amenity": "vending_machine",
        "operator": "Метрополитен",
        "operator:wikidata": "Q234707",
        "payment:cards": "no",
        "payment:coins": "yes",
        "payment:notes": "yes",
        "vending": "public_transport_tickets"
      },
      "geometry": {
        "type": "Point",
        "coordinates": [
          23.3161896,
          42.6574559
        ]
      },
      "id": "node/10709096164"
    },
    {
      "type": "Feature",
      "properties": {
        "@id": "node/10718580097",
        "amenity": "vending_machine",
        "operator": "Метрополитен",
        "operator:wikidata": "Q234707",
        "payment:cards": "no",
        "payment:coins": "yes",
        "payment:notes": "yes",
        "vending": "public_transport_tickets"
      },
      "geometry": {
        "type": "Point",
        "coordinates": [
          23.3571307,
          42.6633914
        ]
      },
      "id": "node/10718580097"
    },
    {
      "type": "Feature",
      "properties": {
        "@id": "node/10726818700",
        "amenity": "vending_machine",
        "check_date": "2025-09-09",
        "vending": "drinks"
      },
      "geometry": {
        "type": "Point",
        "coordinates": [
          23.3224846,
          42.6938867
        ]
      },
      "id": "node/10726818700"
    },
    {
      "type": "Feature",
      "properties": {
        "@id": "node/10734557249",
        "amenity": "vending_machine",
        "level": "-1",
        "vending": "drinks"
      },
      "geometry": {
        "type": "Point",
        "coordinates": [
          23.3191724,
          42.6872671
        ]
      },
      "id": "node/10734557249"
    },
    {
      "type": "Feature",
      "properties": {
        "@id": "node/10734557250",
        "amenity": "vending_machine",
        "level": "-1",
        "vending": "coffee"
      },
      "geometry": {
        "type": "Point",
        "coordinates": [
          23.3191711,
          42.6872795
        ]
      },
      "id": "node/10734557250"
    },
    {
      "type": "Feature",
      "properties": {
        "@id": "node/10737721889",
        "amenity": "vending_machine",
        "vending": "public_transport_tickets"
      },
      "geometry": {
        "type": "Point",
        "coordinates": [
          24.7491642,
          42.1563192
        ]
      },
      "id": "node/10737721889"
    },
    {
      "type": "Feature",
      "properties": {
        "@id": "node/10738986275",
        "amenity": "vending_machine",
        "operator": "Метрополитен",
        "operator:wikidata": "Q234707",
        "payment:cards": "no",
        "payment:coins": "yes",
        "payment:notes": "yes",
        "vending": "public_transport_tickets"
      },
      "geometry": {
        "type": "Point",
        "coordinates": [
          23.3278794,
          42.6881274
        ]
      },
      "id": "node/10738986275"
    },
    {
      "type": "Feature",
      "properties": {
        "@id": "node/10738986276",
        "amenity": "vending_machine",
        "operator": "Метрополитен",
        "operator:wikidata": "Q234707",
        "payment:cards": "no",
        "payment:coins": "yes",
        "payment:notes": "yes",
        "vending": "public_transport_tickets"
      },
      "geometry": {
        "type": "Point",
        "coordinates": [
          23.3278988,
          42.6882087
        ]
      },
      "id": "node/10738986276"
    },
    {
      "type": "Feature",
      "properties": {
        "@id": "node/10739351779",
        "amenity": "vending_machine",
        "level": "-1",
        "operator": "Метрополитен",
        "operator:wikidata": "Q234707",
        "payment:cards": "no",
        "payment:coins": "yes",
        "payment:notes": "yes",
        "vending": "public_transport_tickets"
      },
      "geometry": {
        "type": "Point",
        "coordinates": [
          23.3188244,
          42.6888041
        ]
      },
      "id": "node/10739351779"
    },
    {
      "type": "Feature",
      "properties": {
        "@id": "node/10739351780",
        "amenity": "vending_machine",
        "level": "-1",
        "operator": "Метрополитен",
        "operator:wikidata": "Q234707",
        "payment:cards": "no",
        "payment:coins": "yes",
        "payment:notes": "yes",
        "vending": "public_transport_tickets"
      },
      "geometry": {
        "type": "Point",
        "coordinates": [
          23.3188377,
          42.6888016
        ]
      },
      "id": "node/10739351780"
    },
    {
      "type": "Feature",
      "properties": {
        "@id": "node/10739575547",
        "amenity": "vending_machine",
        "level": "-1",
        "operator": "Метрополитен",
        "operator:wikidata": "Q234707",
        "payment:cards": "no",
        "payment:coins": "yes",
        "payment:notes": "yes",
        "vending": "public_transport_tickets"
      },
      "geometry": {
        "type": "Point",
        "coordinates": [
          23.3190146,
          42.6887344
        ]
      },
      "id": "node/10739575547"
    },
    {
      "type": "Feature",
      "properties": {
        "@id": "node/10739575548",
        "amenity": "vending_machine",
        "level": "-1",
        "operator": "Метрополитен",
        "operator:wikidata": "Q234707",
        "payment:cards": "no",
        "payment:coins": "yes",
        "payment:notes": "yes",
        "vending": "public_transport_tickets"
      },
      "geometry": {
        "type": "Point",
        "coordinates": [
          23.319014,
          42.6887561
        ]
      },
      "id": "node/10739575548"
    },
    {
      "type": "Feature",
      "properties": {
        "@id": "node/10739634518",
        "amenity": "vending_machine",
        "level": "-1",
        "operator": "Метрополитен",
        "operator:wikidata": "Q234707",
        "payment:cards": "no",
        "payment:coins": "yes",
        "payment:notes": "yes",
        "vending": "public_transport_tickets"
      },
      "geometry": {
        "type": "Point",
        "coordinates": [
          23.318962,
          42.6891193
        ]
      },
      "id": "node/10739634518"
    },
    {
      "type": "Feature",
      "properties": {
        "@id": "node/10739634519",
        "amenity": "vending_machine",
        "level": "-1",
        "operator": "Метрополитен",
        "operator:wikidata": "Q234707",
        "payment:cards": "no",
        "payment:coins": "yes",
        "payment:notes": "yes",
        "vending": "public_transport_tickets"
      },
      "geometry": {
        "type": "Point",
        "coordinates": [
          23.3189751,
          42.6891186
        ]
      },
      "id": "node/10739634519"
    },
    {
      "type": "Feature",
      "properties": {
        "@id": "node/10739634525",
        "amenity": "vending_machine",
        "level": "-1",
        "operator": "Метрополитен",
        "operator:wikidata": "Q234707",
        "payment:cards": "no",
        "payment:coins": "yes",
        "payment:notes": "yes",
        "vending": "public_transport_tickets"
      },
      "geometry": {
        "type": "Point",
        "coordinates": [
          23.3168748,
          42.6892187
        ]
      },
      "id": "node/10739634525"
    },
    {
      "type": "Feature",
      "properties": {
        "@id": "node/10739634526",
        "amenity": "vending_machine",
        "level": "-1",
        "operator": "Метрополитен",
        "operator:wikidata": "Q234707",
        "payment:cards": "no",
        "payment:coins": "yes",
        "payment:notes": "yes",
        "vending": "public_transport_tickets"
      },
      "geometry": {
        "type": "Point",
        "coordinates": [
          23.3168607,
          42.6892194
        ]
      },
      "id": "node/10739634526"
    },
    {
      "type": "Feature",
      "properties": {
        "@id": "node/10749494912",
        "amenity": "vending_machine",
        "vending": "public_transport_tickets"
      },
      "geometry": {
        "type": "Point",
        "coordinates": [
          24.7682522,
          42.1372287
        ]
      },
      "id": "node/10749494912"
    },
    {
      "type": "Feature",
      "properties": {
        "@id": "node/10754328323",
        "amenity": "vending_machine",
        "level": "-1",
        "operator": "Метрополитен",
        "operator:wikidata": "Q234707",
        "payment:cards": "no",
        "payment:coins": "yes",
        "payment:notes": "yes",
        "vending": "public_transport_tickets"
      },
      "geometry": {
        "type": "Point",
        "coordinates": [
          23.3581405,
          42.6625543
        ]
      },
      "id": "node/10754328323"
    },
    {
      "type": "Feature",
      "properties": {
        "@id": "node/10754328324",
        "amenity": "vending_machine",
        "level": "-1",
        "operator": "Метрополитен",
        "operator:wikidata": "Q234707",
        "payment:cards": "no",
        "payment:coins": "yes",
        "payment:notes": "yes",
        "vending": "public_transport_tickets"
      },
      "geometry": {
        "type": "Point",
        "coordinates": [
          23.3581383,
          42.662553
        ]
      },
      "id": "node/10754328324"
    },
    {
      "type": "Feature",
      "properties": {
        "@id": "node/10755635258",
        "amenity": "vending_machine",
        "indoor": "yes",
        "operator": "Метрополитен",
        "operator:wikidata": "Q234707",
        "payment:cards": "no",
        "payment:coins": "yes",
        "payment:notes": "yes",
        "vending": "public_transport_tickets"
      },
      "geometry": {
        "type": "Point",
        "coordinates": [
          23.3580256,
          42.6625955
        ]
      },
      "id": "node/10755635258"
    },
    {
      "type": "Feature",
      "properties": {
        "@id": "node/10755635259",
        "amenity": "vending_machine",
        "indoor": "yes",
        "operator": "Метрополитен",
        "operator:wikidata": "Q234707",
        "payment:cards": "no",
        "payment:coins": "yes",
        "payment:notes": "yes",
        "vending": "public_transport_tickets"
      },
      "geometry": {
        "type": "Point",
        "coordinates": [
          23.3579505,
          42.6625513
        ]
      },
      "id": "node/10755635259"
    },
    {
      "type": "Feature",
      "properties": {
        "@id": "node/10755867326",
        "amenity": "vending_machine",
        "level": "-1",
        "operator": "Метрополитен",
        "operator:wikidata": "Q234707",
        "payment:cards": "no",
        "payment:coins": "yes",
        "payment:notes": "yes",
        "vending": "public_transport_tickets"
      },
      "geometry": {
        "type": "Point",
        "coordinates": [
          23.3344444,
          42.6926448
        ]
      },
      "id": "node/10755867326"
    },
    {
      "type": "Feature",
      "properties": {
        "@id": "node/10755867327",
        "amenity": "vending_machine",
        "level": "-1",
        "operator": "Метрополитен",
        "operator:wikidata": "Q234707",
        "payment:cards": "no",
        "payment:coins": "yes",
        "payment:notes": "yes",
        "vending": "public_transport_tickets"
      },
      "geometry": {
        "type": "Point",
        "coordinates": [
          23.3344363,
          42.6926546
        ]
      },
      "id": "node/10755867327"
    },
    {
      "type": "Feature",
      "properties": {
        "@id": "node/10755867329",
        "amenity": "vending_machine",
        "level": "-1",
        "vending": "sweets"
      },
      "geometry": {
        "type": "Point",
        "coordinates": [
          23.3344266,
          42.6926729
        ]
      },
      "id": "node/10755867329"
    },
    {
      "type": "Feature",
      "properties": {
        "@id": "node/10759634893",
        "amenity": "vending_machine",
        "vending": "coffee"
      },
      "geometry": {
        "type": "Point",
        "coordinates": [
          23.167874,
          42.2594289
        ]
      },
      "id": "node/10759634893"
    },
    {
      "type": "Feature",
      "properties": {
        "@id": "node/10760183589",
        "amenity": "vending_machine",
        "vending": "coffee"
      },
      "geometry": {
        "type": "Point",
        "coordinates": [
          23.3055364,
          42.7360282
        ]
      },
      "id": "node/10760183589"
    },
    {
      "type": "Feature",
      "properties": {
        "@id": "node/10760974972",
        "amenity": "vending_machine",
        "vending": "coffee"
      },
      "geometry": {
        "type": "Point",
        "coordinates": [
          23.2846579,
          42.677787
        ]
      },
      "id": "node/10760974972"
    },
    {
      "type": "Feature",
      "properties": {
        "@id": "node/10792903910",
        "amenity": "vending_machine",
        "vending": "coffee"
      },
      "geometry": {
        "type": "Point",
        "coordinates": [
          23.2771623,
          41.5623851
        ]
      },
      "id": "node/10792903910"
    },
    {
      "type": "Feature",
      "properties": {
        "@id": "node/10792903938",
        "amenity": "vending_machine",
        "vending": "coffee"
      },
      "geometry": {
        "type": "Point",
        "coordinates": [
          23.2774978,
          41.5610161
        ]
      },
      "id": "node/10792903938"
    },
    {
      "type": "Feature",
      "properties": {
        "@id": "node/10801902261",
        "amenity": "vending_machine",
        "description": "Sells over-the-counter medicine for headaches, allergies etc",
        "indoor": "no",
        "opening_hours": "24/7",
        "vending": "medicines"
      },
      "geometry": {
        "type": "Point",
        "coordinates": [
          23.3081544,
          42.68897
        ]
      },
      "id": "node/10801902261"
    },
    {
      "type": "Feature",
      "properties": {
        "@id": "node/10814362381",
        "amenity": "vending_machine",
        "level": "-1",
        "operator": "Метрополитен",
        "operator:wikidata": "Q234707",
        "payment:cards": "no",
        "payment:coins": "yes",
        "payment:notes": "yes",
        "vending": "public_transport_tickets"
      },
      "geometry": {
        "type": "Point",
        "coordinates": [
          23.3102342,
          42.6868014
        ]
      },
      "id": "node/10814362381"
    },
    {
      "type": "Feature",
      "properties": {
        "@id": "node/10814362382",
        "amenity": "vending_machine",
        "level": "-1",
        "operator": "Метрополитен",
        "operator:wikidata": "Q234707",
        "payment:cards": "no",
        "payment:coins": "yes",
        "payment:notes": "yes",
        "vending": "public_transport_tickets"
      },
      "geometry": {
        "type": "Point",
        "coordinates": [
          23.3101598,
          42.6868837
        ]
      },
      "id": "node/10814362382"
    },
    {
      "type": "Feature",
      "properties": {
        "@id": "node/10815053920",
        "amenity": "vending_machine",
        "payment:coins": "yes",
        "vending": "coffee"
      },
      "geometry": {
        "type": "Point",
        "coordinates": [
          26.5109893,
          42.4819544
        ]
      },
      "id": "node/10815053920"
    },
    {
      "type": "Feature",
      "properties": {
        "@id": "node/10815108275",
        "amenity": "vending_machine",
        "check_date": "2025-12-13",
        "vending": "coffee"
      },
      "geometry": {
        "type": "Point",
        "coordinates": [
          23.303339,
          42.6768156
        ]
      },
      "id": "node/10815108275"
    },
    {
      "type": "Feature",
      "properties": {
        "@id": "node/10815888838",
        "amenity": "vending_machine",
        "check_date": "2026-04-03",
        "vending": "coffee"
      },
      "geometry": {
        "type": "Point",
        "coordinates": [
          23.4095509,
          42.6406511
        ]
      },
      "id": "node/10815888838"
    },
    {
      "type": "Feature",
      "properties": {
        "@id": "node/10819945096",
        "amenity": "vending_machine",
        "level": "-1",
        "operator": "Метрополитен",
        "operator:wikidata": "Q234707",
        "payment:cards": "no",
        "payment:coins": "yes",
        "payment:notes": "yes",
        "vending": "public_transport_tickets"
      },
      "geometry": {
        "type": "Point",
        "coordinates": [
          23.3012947,
          42.6793757
        ]
      },
      "id": "node/10819945096"
    },
    {
      "type": "Feature",
      "properties": {
        "@id": "node/10824712270",
        "amenity": "vending_machine",
        "vending": "coffee"
      },
      "geometry": {
        "type": "Point",
        "coordinates": [
          23.118536,
          42.2611211
        ]
      },
      "id": "node/10824712270"
    },
    {
      "type": "Feature",
      "properties": {
        "@id": "node/10827519985",
        "amenity": "vending_machine",
        "vending": "coffee"
      },
      "geometry": {
        "type": "Point",
        "coordinates": [
          23.0820549,
          42.0159201
        ]
      },
      "id": "node/10827519985"
    },
    {
      "type": "Feature",
      "properties": {
        "@id": "node/10839593411",
        "amenity": "vending_machine",
        "vending": "coffee"
      },
      "geometry": {
        "type": "Point",
        "coordinates": [
          27.9282895,
          43.2161145
        ]
      },
      "id": "node/10839593411"
    },
    {
      "type": "Feature",
      "properties": {
        "@id": "node/10840116930",
        "amenity": "vending_machine",
        "operator": "Метрополитен",
        "operator:wikidata": "Q234707",
        "payment:cards": "no",
        "payment:coins": "yes",
        "payment:notes": "yes",
        "vending": "public_transport_tickets"
      },
      "geometry": {
        "type": "Point",
        "coordinates": [
          23.3643943,
          42.6585866
        ]
      },
      "id": "node/10840116930"
    },
    {
      "type": "Feature",
      "properties": {
        "@id": "node/10840116931",
        "amenity": "vending_machine",
        "operator": "Метрополитен",
        "operator:wikidata": "Q234707",
        "payment:cards": "no",
        "payment:coins": "yes",
        "payment:notes": "yes",
        "vending": "public_transport_tickets"
      },
      "geometry": {
        "type": "Point",
        "coordinates": [
          23.3643798,
          42.6585739
        ]
      },
      "id": "node/10840116931"
    },
    {
      "type": "Feature",
      "properties": {
        "@id": "node/10858294106",
        "amenity": "vending_machine",
        "vending": "coffee"
      },
      "geometry": {
        "type": "Point",
        "coordinates": [
          23.3352032,
          42.6916404
        ]
      },
      "id": "node/10858294106"
    },
    {
      "type": "Feature",
      "properties": {
        "@id": "node/10914224594",
        "amenity": "vending_machine",
        "level": "-1",
        "vending": "coffee"
      },
      "geometry": {
        "type": "Point",
        "coordinates": [
          23.3209723,
          42.683209
        ]
      },
      "id": "node/10914224594"
    },
    {
      "type": "Feature",
      "properties": {
        "@id": "node/10945550357",
        "amenity": "vending_machine",
        "vending": "drinks"
      },
      "geometry": {
        "type": "Point",
        "coordinates": [
          23.2917929,
          42.693083
        ]
      },
      "id": "node/10945550357"
    },
    {
      "type": "Feature",
      "properties": {
        "@id": "node/10958841062",
        "amenity": "vending_machine",
        "vending": "drinks"
      },
      "geometry": {
        "type": "Point",
        "coordinates": [
          23.3149828,
          42.7128614
        ]
      },
      "id": "node/10958841062"
    },
    {
      "type": "Feature",
      "properties": {
        "@id": "node/10958841064",
        "amenity": "vending_machine",
        "vending": "drinks"
      },
      "geometry": {
        "type": "Point",
        "coordinates": [
          23.3155512,
          42.7125037
        ]
      },
      "id": "node/10958841064"
    },
    {
      "type": "Feature",
      "properties": {
        "@id": "node/10961191367",
        "amenity": "vending_machine",
        "check_date": "2025-06-26",
        "indoor": "yes",
        "name": "БГ Тол",
        "name:en": "BG Toll",
        "operator": "БГ Тол",
        "operator:wikidata": "Q118964623",
        "payment:contactless": "yes",
        "payment:credit_cards": "yes",
        "vending": "toll"
      },
      "geometry": {
        "type": "Point",
        "coordinates": [
          23.2972182,
          42.6773786
        ]
      },
      "id": "node/10961191367"
    },
    {
      "type": "Feature",
      "properties": {
        "@id": "node/10963475277",
        "amenity": "vending_machine",
        "level": "-1",
        "operator": "Метрополитен",
        "operator:wikidata": "Q234707",
        "payment:cards": "no",
        "payment:coins": "yes",
        "payment:notes": "yes",
        "vending": "public_transport_tickets"
      },
      "geometry": {
        "type": "Point",
        "coordinates": [
          23.3085989,
          42.6863095
        ]
      },
      "id": "node/10963475277"
    },
    {
      "type": "Feature",
      "properties": {
        "@id": "node/10963475278",
        "amenity": "vending_machine",
        "level": "-1",
        "operator": "Метрополитен",
        "operator:wikidata": "Q234707",
        "payment:cards": "no",
        "payment:coins": "yes",
        "payment:notes": "yes",
        "vending": "public_transport_tickets"
      },
      "geometry": {
        "type": "Point",
        "coordinates": [
          23.3086237,
          42.6862622
        ]
      },
      "id": "node/10963475278"
    },
    {
      "type": "Feature",
      "properties": {
        "@id": "node/10967345363",
        "amenity": "vending_machine"
      },
      "geometry": {
        "type": "Point",
        "coordinates": [
          25.2088721,
          41.3648679
        ]
      },
      "id": "node/10967345363"
    },
    {
      "type": "Feature",
      "properties": {
        "@id": "node/10976937351",
        "amenity": "vending_machine",
        "brand": "Център за градска мобилност",
        "brand:wikidata": "Q7553668",
        "payment:cash": "yes",
        "payment:contactless": "yes",
        "payment:credit_cards": "yes",
        "vending": "public_transport_tickets"
      },
      "geometry": {
        "type": "Point",
        "coordinates": [
          23.4136868,
          42.6882397
        ]
      },
      "id": "node/10976937351"
    },
    {
      "type": "Feature",
      "properties": {
        "@id": "node/10976937352",
        "amenity": "vending_machine",
        "brand": "Център за градска мобилност",
        "brand:wikidata": "Q7553668",
        "payment:cash": "yes",
        "payment:contactless": "yes",
        "payment:credit_cards": "yes",
        "vending": "public_transport_tickets"
      },
      "geometry": {
        "type": "Point",
        "coordinates": [
          23.41367,
          42.6882551
        ]
      },
      "id": "node/10976937352"
    },
    {
      "type": "Feature",
      "properties": {
        "@id": "node/10977240662",
        "amenity": "vending_machine",
        "check_date": "2025-10-30",
        "indoor": "no",
        "vending": "coffee;drinks;water"
      },
      "geometry": {
        "type": "Point",
        "coordinates": [
          23.27973,
          42.6689937
        ]
      },
      "id": "node/10977240662"
    },
    {
      "type": "Feature",
      "properties": {
        "@id": "node/10982527398",
        "amenity": "vending_machine",
        "operator": "Метрополитен",
        "operator:wikidata": "Q234707",
        "payment:cards": "no",
        "payment:coins": "yes",
        "payment:notes": "yes",
        "vending": "public_transport_tickets"
      },
      "geometry": {
        "type": "Point",
        "coordinates": [
          23.3467736,
          42.697245
        ]
      },
      "id": "node/10982527398"
    },
    {
      "type": "Feature",
      "properties": {
        "@id": "node/10982527399",
        "amenity": "vending_machine",
        "operator": "Метрополитен",
        "operator:wikidata": "Q234707",
        "payment:cards": "no",
        "payment:coins": "yes",
        "payment:notes": "yes",
        "vending": "public_transport_tickets"
      },
      "geometry": {
        "type": "Point",
        "coordinates": [
          23.3467696,
          42.6972336
        ]
      },
      "id": "node/10982527399"
    },
    {
      "type": "Feature",
      "properties": {
        "@id": "node/11035225092",
        "amenity": "vending_machine",
        "name": "Drink Vending Machine"
      },
      "geometry": {
        "type": "Point",
        "coordinates": [
          27.7363134,
          42.6583686
        ]
      },
      "id": "node/11035225092"
    },
    {
      "type": "Feature",
      "properties": {
        "@id": "node/11049651194",
        "amenity": "vending_machine",
        "check_date": "2025-07-19",
        "count": "2",
        "indoor": "yes",
        "operator": "Kaufland",
        "recycling:cans": "yes",
        "recycling:plastic_bottles": "yes",
        "recycling:refund_bottle_crates": "no",
        "recycling:refund_bottles": "no",
        "vending": "bottle_return"
      },
      "geometry": {
        "type": "Point",
        "coordinates": [
          23.3021766,
          42.6897865
        ]
      },
      "id": "node/11049651194"
    },
    {
      "type": "Feature",
      "properties": {
        "@id": "node/11059911699",
        "amenity": "vending_machine",
        "name": "Кафе автомат",
        "vending": "drinks"
      },
      "geometry": {
        "type": "Point",
        "coordinates": [
          27.4163765,
          42.2228865
        ]
      },
      "id": "node/11059911699"
    },
    {
      "type": "Feature",
      "properties": {
        "@id": "node/11069634748",
        "amenity": "vending_machine",
        "indoor": "no",
        "payment:coins": "yes",
        "payment:credit_cards": "yes",
        "payment:debit_cards": "yes",
        "payment:mastercard": "yes",
        "payment:notes": "yes",
        "payment:visa": "yes",
        "vending": "parking_tickets"
      },
      "geometry": {
        "type": "Point",
        "coordinates": [
          23.4144094,
          42.6875306
        ]
      },
      "id": "node/11069634748"
    },
    {
      "type": "Feature",
      "properties": {
        "@id": "node/11072353596",
        "amenity": "vending_machine",
        "vending": "drinks"
      },
      "geometry": {
        "type": "Point",
        "coordinates": [
          23.9135139,
          42.8970907
        ]
      },
      "id": "node/11072353596"
    },
    {
      "type": "Feature",
      "properties": {
        "@id": "node/11073587800",
        "amenity": "vending_machine",
        "name": "Кафе"
      },
      "geometry": {
        "type": "Point",
        "coordinates": [
          25.8986031,
          42.7013479
        ]
      },
      "id": "node/11073587800"
    },
    {
      "type": "Feature",
      "properties": {
        "@id": "node/11077592427",
        "amenity": "vending_machine",
        "check_date": "2026-01-14",
        "indoor": "no",
        "operator": "Органита",
        "vending": "eggs"
      },
      "geometry": {
        "type": "Point",
        "coordinates": [
          23.3300514,
          42.6838606
        ]
      },
      "id": "node/11077592427"
    },
    {
      "type": "Feature",
      "properties": {
        "@id": "node/11078090813",
        "amenity": "vending_machine",
        "payment:coins": "yes",
        "vending": "coffee"
      },
      "geometry": {
        "type": "Point",
        "coordinates": [
          24.5990693,
          42.7275085
        ]
      },
      "id": "node/11078090813"
    },
    {
      "type": "Feature",
      "properties": {
        "@id": "node/11081912976",
        "amenity": "vending_machine",
        "vending": "coffee;drinks;food"
      },
      "geometry": {
        "type": "Point",
        "coordinates": [
          24.1969988,
          42.5840954
        ]
      },
      "id": "node/11081912976"
    },
    {
      "type": "Feature",
      "properties": {
        "@id": "node/11086770638",
        "amenity": "vending_machine",
        "vending": "drinks"
      },
      "geometry": {
        "type": "Point",
        "coordinates": [
          27.7037345,
          42.6524428
        ]
      },
      "id": "node/11086770638"
    },
    {
      "type": "Feature",
      "properties": {
        "@id": "node/11125189911",
        "amenity": "vending_machine"
      },
      "geometry": {
        "type": "Point",
        "coordinates": [
          23.412213,
          42.6432879
        ]
      },
      "id": "node/11125189911"
    },
    {
      "type": "Feature",
      "properties": {
        "@id": "node/11128474820",
        "amenity": "vending_machine",
        "covered": "yes",
        "indoor": "no",
        "vending": "drinks"
      },
      "geometry": {
        "type": "Point",
        "coordinates": [
          27.7032389,
          42.6576109
        ]
      },
      "id": "node/11128474820"
    },
    {
      "type": "Feature",
      "properties": {
        "@id": "node/11128474850",
        "amenity": "vending_machine",
        "covered": "no",
        "indoor": "no",
        "vending": "drinks"
      },
      "geometry": {
        "type": "Point",
        "coordinates": [
          27.7042388,
          42.6569869
        ]
      },
      "id": "node/11128474850"
    },
    {
      "type": "Feature",
      "properties": {
        "@id": "node/11144117736",
        "amenity": "vending_machine",
        "fuel:diesel": "yes",
        "fuel:lpg": "yes",
        "fuel:octane_95": "yes",
        "vending": "fuel"
      },
      "geometry": {
        "type": "Point",
        "coordinates": [
          23.2561854,
          42.7297556
        ]
      },
      "id": "node/11144117736"
    },
    {
      "type": "Feature",
      "properties": {
        "@id": "node/11144117737",
        "amenity": "vending_machine",
        "fuel:diesel": "yes",
        "fuel:lpg": "yes",
        "fuel:octane_95": "yes",
        "vending": "fuel"
      },
      "geometry": {
        "type": "Point",
        "coordinates": [
          23.2561581,
          42.7297263
        ]
      },
      "id": "node/11144117737"
    },
    {
      "type": "Feature",
      "properties": {
        "@id": "node/11144117738",
        "amenity": "vending_machine",
        "fuel:cng": "yes",
        "vending": "fuel"
      },
      "geometry": {
        "type": "Point",
        "coordinates": [
          23.2561228,
          42.7296928
        ]
      },
      "id": "node/11144117738"
    },
    {
      "type": "Feature",
      "properties": {
        "@id": "node/11144186589",
        "amenity": "vending_machine",
        "fuel:diesel": "yes",
        "fuel:octane_100": "yes",
        "fuel:octane_95": "yes",
        "indoor": "no",
        "vending": "fuel"
      },
      "geometry": {
        "type": "Point",
        "coordinates": [
          23.2972578,
          42.677526
        ]
      },
      "id": "node/11144186589"
    },
    {
      "type": "Feature",
      "properties": {
        "@id": "node/11144186590",
        "amenity": "vending_machine",
        "fuel:diesel": "yes",
        "fuel:octane_100": "yes",
        "fuel:octane_95": "yes",
        "indoor": "no",
        "vending": "fuel"
      },
      "geometry": {
        "type": "Point",
        "coordinates": [
          23.2973314,
          42.6775035
        ]
      },
      "id": "node/11144186590"
    },
    {
      "type": "Feature",
      "properties": {
        "@id": "node/11144186591",
        "amenity": "vending_machine",
        "fuel:diesel": "yes",
        "fuel:octane_100": "yes",
        "fuel:octane_95": "yes",
        "indoor": "no",
        "vending": "fuel"
      },
      "geometry": {
        "type": "Point",
        "coordinates": [
          23.2974148,
          42.6774779
        ]
      },
      "id": "node/11144186591"
    },
    {
      "type": "Feature",
      "properties": {
        "@id": "node/11144186592",
        "amenity": "vending_machine",
        "fuel:diesel": "yes",
        "fuel:octane_100": "yes",
        "fuel:octane_95": "yes",
        "indoor": "no",
        "vending": "fuel"
      },
      "geometry": {
        "type": "Point",
        "coordinates": [
          23.2974854,
          42.6774563
        ]
      },
      "id": "node/11144186592"
    },
    {
      "type": "Feature",
      "properties": {
        "@id": "node/11144347537",
        "amenity": "vending_machine",
        "vending": "drinks"
      },
      "geometry": {
        "type": "Point",
        "coordinates": [
          27.7058978,
          42.6546677
        ]
      },
      "id": "node/11144347537"
    },
    {
      "type": "Feature",
      "properties": {
        "@id": "node/11144347582",
        "amenity": "vending_machine",
        "vending": "drinks"
      },
      "geometry": {
        "type": "Point",
        "coordinates": [
          27.7057311,
          42.6547031
        ]
      },
      "id": "node/11144347582"
    },
    {
      "type": "Feature",
      "properties": {
        "@id": "node/11146290088",
        "amenity": "vending_machine",
        "vending": "drinks"
      },
      "geometry": {
        "type": "Point",
        "coordinates": [
          27.7165769,
          42.661851
        ]
      },
      "id": "node/11146290088"
    },
    {
      "type": "Feature",
      "properties": {
        "@id": "node/11168903254",
        "amenity": "vending_machine",
        "check_date": "2025-07-09",
        "indoor": "yes",
        "name": "БГ Тол",
        "name:en": "BG Toll",
        "operator": "БГ Тол",
        "operator:wikidata": "Q118964623",
        "vending": "toll"
      },
      "geometry": {
        "type": "Point",
        "coordinates": [
          23.2295405,
          42.7460084
        ]
      },
      "id": "node/11168903254"
    },
    {
      "type": "Feature",
      "properties": {
        "@id": "node/11171771588",
        "amenity": "vending_machine",
        "vending": "coffee"
      },
      "geometry": {
        "type": "Point",
        "coordinates": [
          23.1327036,
          42.1262848
        ]
      },
      "id": "node/11171771588"
    },
    {
      "type": "Feature",
      "properties": {
        "@id": "node/11173430508",
        "amenity": "vending_machine",
        "indoor": "yes",
        "vending": "drinks"
      },
      "geometry": {
        "type": "Point",
        "coordinates": [
          23.312703,
          42.7121739
        ]
      },
      "id": "node/11173430508"
    },
    {
      "type": "Feature",
      "properties": {
        "@id": "node/11185670219",
        "amenity": "vending_machine",
        "check_date": "2026-07-06",
        "covered": "yes",
        "level": "0",
        "operator": "Иновaтив Вендинг Солюшънс ООД",
        "payment:coins": "yes",
        "payment:notes": "yes",
        "ref": "136",
        "ref:vatin": "BG206614555",
        "vending": "drinks;food",
        "website": "https://ivending.bg",
        "wheelchair": "no"
      },
      "geometry": {
        "type": "Point",
        "coordinates": [
          23.2855023,
          42.6785667
        ]
      },
      "id": "node/11185670219"
    },
    {
      "type": "Feature",
      "properties": {
        "@id": "node/11203447514",
        "amenity": "vending_machine",
        "fuel:cng": "yes",
        "vending": "fuel"
      },
      "geometry": {
        "type": "Point",
        "coordinates": [
          23.2939316,
          42.6944375
        ]
      },
      "id": "node/11203447514"
    },
    {
      "type": "Feature",
      "properties": {
        "@id": "node/11203447521",
        "amenity": "vending_machine",
        "fuel:lpg": "yes",
        "vending": "fuel"
      },
      "geometry": {
        "type": "Point",
        "coordinates": [
          23.2941395,
          42.6943684
        ]
      },
      "id": "node/11203447521"
    },
    {
      "type": "Feature",
      "properties": {
        "@id": "node/11203447522",
        "amenity": "vending_machine",
        "fuel:diesel": "yes",
        "fuel:octane_100": "yes",
        "fuel:octane_95": "yes",
        "vending": "fuel"
      },
      "geometry": {
        "type": "Point",
        "coordinates": [
          23.2942312,
          42.6943963
        ]
      },
      "id": "node/11203447522"
    },
    {
      "type": "Feature",
      "properties": {
        "@id": "node/11203447523",
        "amenity": "vending_machine",
        "fuel:diesel": "yes",
        "fuel:octane_100": "yes",
        "fuel:octane_95": "yes",
        "vending": "fuel"
      },
      "geometry": {
        "type": "Point",
        "coordinates": [
          23.2943378,
          42.6944308
        ]
      },
      "id": "node/11203447523"
    },
    {
      "type": "Feature",
      "properties": {
        "@id": "node/11203447524",
        "amenity": "vending_machine",
        "fuel:diesel": "yes",
        "fuel:octane_100": "yes",
        "fuel:octane_95": "yes",
        "vending": "fuel"
      },
      "geometry": {
        "type": "Point",
        "coordinates": [
          23.294445,
          42.6944646
        ]
      },
      "id": "node/11203447524"
    },
    {
      "type": "Feature",
      "properties": {
        "@id": "node/11204850933",
        "amenity": "vending_machine",
        "vending": "coffee"
      },
      "geometry": {
        "type": "Point",
        "coordinates": [
          25.9561807,
          43.6839763
        ]
      },
      "id": "node/11204850933"
    },
    {
      "type": "Feature",
      "properties": {
        "@id": "node/11210571461",
        "amenity": "vending_machine"
      },
      "geometry": {
        "type": "Point",
        "coordinates": [
          24.3680915,
          41.9523951
        ]
      },
      "id": "node/11210571461"
    },
    {
      "type": "Feature",
      "properties": {
        "@id": "node/11212848266",
        "amenity": "vending_machine",
        "vending": "fuel"
      },
      "geometry": {
        "type": "Point",
        "coordinates": [
          23.3065661,
          42.6898943
        ]
      },
      "id": "node/11212848266"
    },
    {
      "type": "Feature",
      "properties": {
        "@id": "node/11212848267",
        "amenity": "vending_machine",
        "vending": "fuel"
      },
      "geometry": {
        "type": "Point",
        "coordinates": [
          23.3066011,
          42.6898643
        ]
      },
      "id": "node/11212848267"
    },
    {
      "type": "Feature",
      "properties": {
        "@id": "node/11218151865",
        "amenity": "vending_machine",
        "check_date": "2023-09-24",
        "vending": "drinks"
      },
      "geometry": {
        "type": "Point",
        "coordinates": [
          27.7387752,
          42.6604756
        ]
      },
      "id": "node/11218151865"
    },
    {
      "type": "Feature",
      "properties": {
        "@id": "node/11218151866",
        "amenity": "vending_machine",
        "check_date": "2023-09-24",
        "vending": "coffee"
      },
      "geometry": {
        "type": "Point",
        "coordinates": [
          27.7387652,
          42.6604793
        ]
      },
      "id": "node/11218151866"
    },
    {
      "type": "Feature",
      "properties": {
        "@id": "node/11250612100",
        "amenity": "vending_machine",
        "vending": "coffee"
      },
      "geometry": {
        "type": "Point",
        "coordinates": [
          24.7517748,
          42.1448368
        ]
      },
      "id": "node/11250612100"
    },
    {
      "type": "Feature",
      "properties": {
        "@id": "node/11253594436",
        "amenity": "vending_machine",
        "vending": "coffee"
      },
      "geometry": {
        "type": "Point",
        "coordinates": [
          27.9130222,
          43.1999384
        ]
      },
      "id": "node/11253594436"
    },
    {
      "type": "Feature",
      "properties": {
        "@id": "node/11253610085",
        "amenity": "vending_machine",
        "vending": "coffee"
      },
      "geometry": {
        "type": "Point",
        "coordinates": [
          27.9203888,
          43.2029662
        ]
      },
      "id": "node/11253610085"
    },
    {
      "type": "Feature",
      "properties": {
        "@id": "node/11254399697",
        "amenity": "vending_machine",
        "vending": "coffee"
      },
      "geometry": {
        "type": "Point",
        "coordinates": [
          27.9185384,
          43.2062267
        ]
      },
      "id": "node/11254399697"
    },
    {
      "type": "Feature",
      "properties": {
        "@id": "node/11254584516",
        "amenity": "vending_machine",
        "vending": "coffee"
      },
      "geometry": {
        "type": "Point",
        "coordinates": [
          27.9016486,
          43.2131375
        ]
      },
      "id": "node/11254584516"
    },
    {
      "type": "Feature",
      "properties": {
        "@id": "node/11255834976",
        "amenity": "vending_machine",
        "vending": "coffee"
      },
      "geometry": {
        "type": "Point",
        "coordinates": [
          27.6939235,
          42.4157199
        ]
      },
      "id": "node/11255834976"
    },
    {
      "type": "Feature",
      "properties": {
        "@id": "node/11257971925",
        "amenity": "vending_machine",
        "vending": "coffee"
      },
      "geometry": {
        "type": "Point",
        "coordinates": [
          27.6988967,
          42.4191722
        ]
      },
      "id": "node/11257971925"
    },
    {
      "type": "Feature",
      "properties": {
        "@id": "node/11257978343",
        "amenity": "vending_machine",
        "vending": "coffee"
      },
      "geometry": {
        "type": "Point",
        "coordinates": [
          27.6940444,
          42.4157708
        ]
      },
      "id": "node/11257978343"
    },
    {
      "type": "Feature",
      "properties": {
        "@id": "node/11257986684",
        "amenity": "vending_machine",
        "vending": "coffee"
      },
      "geometry": {
        "type": "Point",
        "coordinates": [
          27.7010432,
          42.4181597
        ]
      },
      "id": "node/11257986684"
    },
    {
      "type": "Feature",
      "properties": {
        "@id": "node/11261793938",
        "amenity": "vending_machine",
        "vending": "coffee"
      },
      "geometry": {
        "type": "Point",
        "coordinates": [
          27.637741,
          42.4414362
        ]
      },
      "id": "node/11261793938"
    },
    {
      "type": "Feature",
      "properties": {
        "@id": "node/11261800607",
        "amenity": "vending_machine",
        "vending": "sweets"
      },
      "geometry": {
        "type": "Point",
        "coordinates": [
          27.6377712,
          42.441431
        ]
      },
      "id": "node/11261800607"
    },
    {
      "type": "Feature",
      "properties": {
        "@id": "node/11342774277",
        "amenity": "vending_machine",
        "indoor": "no",
        "name": "кафе \"Мечта\"",
        "vending": "coffee"
      },
      "geometry": {
        "type": "Point",
        "coordinates": [
          27.9179177,
          43.2066472
        ]
      },
      "id": "node/11342774277"
    },
    {
      "type": "Feature",
      "properties": {
        "@id": "node/11343933553",
        "amenity": "vending_machine",
        "vending": "coffee"
      },
      "geometry": {
        "type": "Point",
        "coordinates": [
          22.7615622,
          43.8629809
        ]
      },
      "id": "node/11343933553"
    },
    {
      "type": "Feature",
      "properties": {
        "@id": "node/11429080746",
        "amenity": "vending_machine"
      },
      "geometry": {
        "type": "Point",
        "coordinates": [
          26.6067373,
          42.5799701
        ]
      },
      "id": "node/11429080746"
    },
    {
      "type": "Feature",
      "properties": {
        "@id": "node/11476784012",
        "amenity": "vending_machine",
        "check_date": "2024-03-12"
      },
      "geometry": {
        "type": "Point",
        "coordinates": [
          23.2862688,
          42.6568241
        ]
      },
      "id": "node/11476784012"
    },
    {
      "type": "Feature",
      "properties": {
        "@id": "node/11479210489",
        "amenity": "vending_machine",
        "check_date": "2026-04-02",
        "count": "3",
        "indoor": "yes",
        "vending": "coffee;drinks;sweets"
      },
      "geometry": {
        "type": "Point",
        "coordinates": [
          23.2758522,
          42.6633766
        ]
      },
      "id": "node/11479210489"
    },
    {
      "type": "Feature",
      "properties": {
        "@id": "node/11634253889",
        "amenity": "vending_machine",
        "vending": "parking_tickets"
      },
      "geometry": {
        "type": "Point",
        "coordinates": [
          24.7406767,
          42.1397285
        ]
      },
      "id": "node/11634253889"
    },
    {
      "type": "Feature",
      "properties": {
        "@id": "node/11653913366",
        "amenity": "vending_machine",
        "check_date": "2026-02-08",
        "indoor": "no",
        "vending": "coffee"
      },
      "geometry": {
        "type": "Point",
        "coordinates": [
          23.2836753,
          42.6714525
        ]
      },
      "id": "node/11653913366"
    },
    {
      "type": "Feature",
      "properties": {
        "@id": "node/11669382516",
        "amenity": "vending_machine",
        "vending": "coffee"
      },
      "geometry": {
        "type": "Point",
        "coordinates": [
          23.2248591,
          43.4220104
        ]
      },
      "id": "node/11669382516"
    },
    {
      "type": "Feature",
      "properties": {
        "@id": "node/11724090523",
        "amenity": "vending_machine",
        "indoor": "yes",
        "vending": "drinks;food"
      },
      "geometry": {
        "type": "Point",
        "coordinates": [
          23.3181912,
          42.7004096
        ]
      },
      "id": "node/11724090523"
    },
    {
      "type": "Feature",
      "properties": {
        "@id": "node/11724090524",
        "amenity": "vending_machine",
        "indoor": "yes",
        "vending": "coffee"
      },
      "geometry": {
        "type": "Point",
        "coordinates": [
          23.3181741,
          42.7003967
        ]
      },
      "id": "node/11724090524"
    },
    {
      "type": "Feature",
      "properties": {
        "@id": "node/11782569356",
        "amenity": "vending_machine",
        "check_date": "2024-04-03",
        "payment:cards": "no",
        "payment:cash": "yes",
        "payment:credit_cards": "no",
        "payment:debit_cards": "no",
        "vending": "coffee"
      },
      "geometry": {
        "type": "Point",
        "coordinates": [
          23.3940396,
          42.6384214
        ]
      },
      "id": "node/11782569356"
    },
    {
      "type": "Feature",
      "properties": {
        "@id": "node/11782584347",
        "addr:housenumber": "2",
        "addr:street": "Инж. Георги Белов",
        "amenity": "vending_machine",
        "check_date": "2024-04-03",
        "payment:cards": "no",
        "payment:cash": "yes",
        "payment:credit_cards": "no",
        "payment:debit_cards": "no",
        "vending": "coffee"
      },
      "geometry": {
        "type": "Point",
        "coordinates": [
          23.3936891,
          42.6383135
        ]
      },
      "id": "node/11782584347"
    },
    {
      "type": "Feature",
      "properties": {
        "@id": "node/11782584348",
        "amenity": "vending_machine",
        "check_date": "2024-04-03",
        "payment:cards": "no",
        "payment:cash": "yes",
        "payment:credit_cards": "no",
        "payment:debit_cards": "no",
        "vending": "coffee"
      },
      "geometry": {
        "type": "Point",
        "coordinates": [
          23.3936956,
          42.638505
        ]
      },
      "id": "node/11782584348"
    },
    {
      "type": "Feature",
      "properties": {
        "@id": "node/11792747554",
        "amenity": "vending_machine",
        "vending": "drinks"
      },
      "geometry": {
        "type": "Point",
        "coordinates": [
          27.8844682,
          42.7161462
        ]
      },
      "id": "node/11792747554"
    },
    {
      "type": "Feature",
      "properties": {
        "@id": "node/11792849874",
        "amenity": "vending_machine",
        "vending": "drinks"
      },
      "geometry": {
        "type": "Point",
        "coordinates": [
          23.9880941,
          42.3324235
        ]
      },
      "id": "node/11792849874"
    },
    {
      "type": "Feature",
      "properties": {
        "@id": "node/11792849875",
        "amenity": "vending_machine",
        "vending": "coffee"
      },
      "geometry": {
        "type": "Point",
        "coordinates": [
          27.8844944,
          42.7161496
        ]
      },
      "id": "node/11792849875"
    },
    {
      "type": "Feature",
      "properties": {
        "@id": "node/11793671851",
        "amenity": "vending_machine",
        "vending": "coffee"
      },
      "geometry": {
        "type": "Point",
        "coordinates": [
          24.3299138,
          42.1814205
        ]
      },
      "id": "node/11793671851"
    },
    {
      "type": "Feature",
      "properties": {
        "@id": "node/11795094259",
        "amenity": "vending_machine",
        "vending": "coffee"
      },
      "geometry": {
        "type": "Point",
        "coordinates": [
          24.3275869,
          42.1830156
        ]
      },
      "id": "node/11795094259"
    },
    {
      "type": "Feature",
      "properties": {
        "@id": "node/11809201213",
        "amenity": "vending_machine",
        "check_date": "2025-07-30",
        "vending": "coffee"
      },
      "geometry": {
        "type": "Point",
        "coordinates": [
          23.3322024,
          42.6863062
        ]
      },
      "id": "node/11809201213"
    },
    {
      "type": "Feature",
      "properties": {
        "@id": "node/11812192554",
        "amenity": "vending_machine",
        "level": "-2",
        "operator": "Метрополитен",
        "operator:wikidata": "Q234707",
        "payment:cards": "no",
        "payment:coins": "yes",
        "payment:notes": "yes",
        "vending": "public_transport_tickets"
      },
      "geometry": {
        "type": "Point",
        "coordinates": [
          23.3524243,
          42.7026228
        ]
      },
      "id": "node/11812192554"
    },
    {
      "type": "Feature",
      "properties": {
        "@id": "node/11812193557",
        "amenity": "vending_machine",
        "level": "-2",
        "operator": "Метрополитен",
        "operator:wikidata": "Q234707",
        "payment:cards": "no",
        "payment:coins": "yes",
        "payment:notes": "yes",
        "vending": "public_transport_tickets"
      },
      "geometry": {
        "type": "Point",
        "coordinates": [
          23.3524351,
          42.702611
        ]
      },
      "id": "node/11812193557"
    },
    {
      "type": "Feature",
      "properties": {
        "@id": "node/11813673722",
        "amenity": "vending_machine",
        "vending": "drinks"
      },
      "geometry": {
        "type": "Point",
        "coordinates": [
          24.3275639,
          42.1829913
        ]
      },
      "id": "node/11813673722"
    },
    {
      "type": "Feature",
      "properties": {
        "@id": "node/11816557608",
        "amenity": "vending_machine",
        "indoor": "yes",
        "operator": "Метрополитен",
        "operator:wikidata": "Q234707",
        "payment:cards": "no",
        "payment:coins": "yes",
        "payment:notes": "yes",
        "vending": "public_transport_tickets"
      },
      "geometry": {
        "type": "Point",
        "coordinates": [
          23.275645,
          42.7403152
        ]
      },
      "id": "node/11816557608"
    },
    {
      "type": "Feature",
      "properties": {
        "@id": "node/11816571623",
        "amenity": "vending_machine",
        "indoor": "yes",
        "operator": "Метрополитен",
        "operator:wikidata": "Q234707",
        "payment:cards": "no",
        "payment:coins": "yes",
        "payment:notes": "yes",
        "vending": "public_transport_tickets"
      },
      "geometry": {
        "type": "Point",
        "coordinates": [
          23.2756528,
          42.7403241
        ]
      },
      "id": "node/11816571623"
    },
    {
      "type": "Feature",
      "properties": {
        "@id": "node/11816597003",
        "amenity": "vending_machine",
        "indoor": "yes",
        "operator": "Метрополитен",
        "operator:wikidata": "Q234707",
        "payment:cards": "no",
        "payment:coins": "yes",
        "payment:notes": "yes",
        "vending": "public_transport_tickets"
      },
      "geometry": {
        "type": "Point",
        "coordinates": [
          23.2766378,
          42.7411163
        ]
      },
      "id": "node/11816597003"
    },
    {
      "type": "Feature",
      "properties": {
        "@id": "node/11816597084",
        "amenity": "vending_machine",
        "indoor": "yes",
        "operator": "Метрополитен",
        "operator:wikidata": "Q234707",
        "payment:cards": "no",
        "payment:coins": "yes",
        "payment:notes": "yes",
        "vending": "public_transport_tickets"
      },
      "geometry": {
        "type": "Point",
        "coordinates": [
          23.2765202,
          42.7410852
        ]
      },
      "id": "node/11816597084"
    },
    {
      "type": "Feature",
      "properties": {
        "@id": "node/11821983471",
        "amenity": "vending_machine",
        "vending": "coffee"
      },
      "geometry": {
        "type": "Point",
        "coordinates": [
          25.6404235,
          42.1924453
        ]
      },
      "id": "node/11821983471"
    },
    {
      "type": "Feature",
      "properties": {
        "@id": "node/11822251150",
        "amenity": "vending_machine",
        "vending": "coffee"
      },
      "geometry": {
        "type": "Point",
        "coordinates": [
          24.3298066,
          42.1986702
        ]
      },
      "id": "node/11822251150"
    },
    {
      "type": "Feature",
      "properties": {
        "@id": "node/11824748737",
        "amenity": "vending_machine",
        "level": "-1",
        "operator": "Метрополитен",
        "operator:wikidata": "Q234707",
        "payment:cards": "no",
        "payment:coins": "yes",
        "payment:notes": "yes",
        "vending": "public_transport_tickets"
      },
      "geometry": {
        "type": "Point",
        "coordinates": [
          23.3213889,
          42.6978624
        ]
      },
      "id": "node/11824748737"
    },
    {
      "type": "Feature",
      "properties": {
        "@id": "node/11824756845",
        "amenity": "vending_machine",
        "level": "-1",
        "operator": "Метрополитен",
        "operator:wikidata": "Q234707",
        "payment:cards": "no",
        "payment:coins": "yes",
        "payment:notes": "yes",
        "vending": "public_transport_tickets"
      },
      "geometry": {
        "type": "Point",
        "coordinates": [
          23.3219207,
          42.6978807
        ]
      },
      "id": "node/11824756845"
    },
    {
      "type": "Feature",
      "properties": {
        "@id": "node/11824758136",
        "amenity": "vending_machine",
        "level": "-1",
        "operator": "Метрополитен",
        "operator:wikidata": "Q234707",
        "payment:cards": "no",
        "payment:coins": "yes",
        "payment:notes": "yes",
        "vending": "public_transport_tickets"
      },
      "geometry": {
        "type": "Point",
        "coordinates": [
          23.3213584,
          42.6978678
        ]
      },
      "id": "node/11824758136"
    },
    {
      "type": "Feature",
      "properties": {
        "@id": "node/11824768419",
        "amenity": "vending_machine",
        "level": "-1",
        "operator": "Метрополитен",
        "operator:wikidata": "Q234707",
        "payment:cards": "no",
        "payment:coins": "yes",
        "payment:notes": "yes",
        "vending": "public_transport_tickets"
      },
      "geometry": {
        "type": "Point",
        "coordinates": [
          23.3219123,
          42.6978475
        ]
      },
      "id": "node/11824768419"
    },
    {
      "type": "Feature",
      "properties": {
        "@id": "node/11824982583",
        "amenity": "vending_machine",
        "level": "-1",
        "operator": "Метрополитен",
        "operator:wikidata": "Q234707",
        "payment:cards": "no",
        "payment:coins": "yes",
        "payment:notes": "yes",
        "vending": "public_transport_tickets"
      },
      "geometry": {
        "type": "Point",
        "coordinates": [
          23.3194838,
          42.6981554
        ]
      },
      "id": "node/11824982583"
    },
    {
      "type": "Feature",
      "properties": {
        "@id": "node/11833106170",
        "amenity": "vending_machine"
      },
      "geometry": {
        "type": "Point",
        "coordinates": [
          23.2296246,
          42.6959929
        ]
      },
      "id": "node/11833106170"
    },
    {
      "type": "Feature",
      "properties": {
        "@id": "node/11833114072",
        "amenity": "vending_machine"
      },
      "geometry": {
        "type": "Point",
        "coordinates": [
          24.1784604,
          42.5033698
        ]
      },
      "id": "node/11833114072"
    },
    {
      "type": "Feature",
      "properties": {
        "@id": "node/11833121048",
        "amenity": "vending_machine"
      },
      "geometry": {
        "type": "Point",
        "coordinates": [
          24.1576975,
          43.20633
        ]
      },
      "id": "node/11833121048"
    },
    {
      "type": "Feature",
      "properties": {
        "@id": "node/11850658166",
        "amenity": "vending_machine",
        "level": "-1",
        "operator": "Метрополитен",
        "operator:wikidata": "Q234707",
        "payment:cards": "no",
        "payment:coins": "yes",
        "payment:notes": "yes",
        "vending": "public_transport_tickets"
      },
      "geometry": {
        "type": "Point",
        "coordinates": [
          23.3720437,
          42.6538142
        ]
      },
      "id": "node/11850658166"
    },
    {
      "type": "Feature",
      "properties": {
        "@id": "node/11850667827",
        "amenity": "vending_machine",
        "level": "-1",
        "operator": "Метрополитен",
        "operator:wikidata": "Q234707",
        "payment:cards": "no",
        "payment:coins": "yes",
        "payment:notes": "yes",
        "vending": "public_transport_tickets"
      },
      "geometry": {
        "type": "Point",
        "coordinates": [
          23.3720274,
          42.653822
        ]
      },
      "id": "node/11850667827"
    },
    {
      "type": "Feature",
      "properties": {
        "@id": "node/11850667828",
        "amenity": "vending_machine",
        "operator": "Метрополитен",
        "operator:wikidata": "Q234707",
        "payment:cards": "no",
        "payment:coins": "yes",
        "payment:notes": "yes",
        "vending": "public_transport_tickets"
      },
      "geometry": {
        "type": "Point",
        "coordinates": [
          23.3733609,
          42.6530401
        ]
      },
      "id": "node/11850667828"
    },
    {
      "type": "Feature",
      "properties": {
        "@id": "node/11850673581",
        "amenity": "vending_machine",
        "operator": "Метрополитен",
        "operator:wikidata": "Q234707",
        "payment:cards": "no",
        "payment:coins": "yes",
        "payment:notes": "yes",
        "vending": "public_transport_tickets"
      },
      "geometry": {
        "type": "Point",
        "coordinates": [
          23.3732729,
          42.652974
        ]
      },
      "id": "node/11850673581"
    },
    {
      "type": "Feature",
      "properties": {
        "@id": "node/11867046529",
        "amenity": "vending_machine",
        "vending": "drinks"
      },
      "geometry": {
        "type": "Point",
        "coordinates": [
          27.7036403,
          42.6546529
        ]
      },
      "id": "node/11867046529"
    },
    {
      "type": "Feature",
      "properties": {
        "@id": "node/11869151044",
        "amenity": "vending_machine",
        "name": "Кафе автомат",
        "name:en": "Coffee vending machine",
        "payment:coins": "yes",
        "vending": "coffee"
      },
      "geometry": {
        "type": "Point",
        "coordinates": [
          24.4204229,
          42.06389
        ]
      },
      "id": "node/11869151044"
    },
    {
      "type": "Feature",
      "properties": {
        "@id": "node/11869833693",
        "amenity": "vending_machine",
        "indoor": "yes",
        "vending": "coffee"
      },
      "geometry": {
        "type": "Point",
        "coordinates": [
          23.3165221,
          42.7265603
        ]
      },
      "id": "node/11869833693"
    },
    {
      "type": "Feature",
      "properties": {
        "@id": "node/11874807950",
        "amenity": "vending_machine",
        "drink:coffee": "yes",
        "vending": "drinks"
      },
      "geometry": {
        "type": "Point",
        "coordinates": [
          27.7035216,
          42.660503
        ]
      },
      "id": "node/11874807950"
    },
    {
      "type": "Feature",
      "properties": {
        "@id": "node/11884405506",
        "amenity": "vending_machine",
        "name": "Кафе"
      },
      "geometry": {
        "type": "Point",
        "coordinates": [
          23.7040446,
          42.6943843
        ]
      },
      "id": "node/11884405506"
    },
    {
      "type": "Feature",
      "properties": {
        "@id": "node/11900567494",
        "amenity": "vending_machine",
        "check_date": "2025-06-21",
        "indoor": "yes",
        "vending": "parking_tickets"
      },
      "geometry": {
        "type": "Point",
        "coordinates": [
          23.3334074,
          42.6738988
        ]
      },
      "id": "node/11900567494"
    },
    {
      "type": "Feature",
      "properties": {
        "@id": "node/11900579873",
        "amenity": "vending_machine",
        "check_date": "2025-06-21",
        "indoor": "yes",
        "vending": "coffee"
      },
      "geometry": {
        "type": "Point",
        "coordinates": [
          23.3333957,
          42.6739142
        ]
      },
      "id": "node/11900579873"
    },
    {
      "type": "Feature",
      "properties": {
        "@id": "node/11901193680",
        "amenity": "vending_machine",
        "indoor": "yes",
        "vending": "coffee"
      },
      "geometry": {
        "type": "Point",
        "coordinates": [
          23.3364891,
          42.6420727
        ]
      },
      "id": "node/11901193680"
    },
    {
      "type": "Feature",
      "properties": {
        "@id": "node/11930229512",
        "amenity": "vending_machine",
        "payment:cash": "yes",
        "vending": "coffee"
      },
      "geometry": {
        "type": "Point",
        "coordinates": [
          25.7519994,
          42.9292104
        ]
      },
      "id": "node/11930229512"
    },
    {
      "type": "Feature",
      "properties": {
        "@id": "node/11931519814",
        "amenity": "vending_machine",
        "check_date": "2024-05-24",
        "payment:cards": "no",
        "payment:cash": "yes",
        "payment:credit_cards": "no",
        "payment:debit_cards": "no",
        "vending": "coffee"
      },
      "geometry": {
        "type": "Point",
        "coordinates": [
          24.6089712,
          43.4191695
        ]
      },
      "id": "node/11931519814"
    },
    {
      "type": "Feature",
      "properties": {
        "@id": "node/11933553747",
        "amenity": "vending_machine",
        "check_date": "2026-04-30",
        "payment:cards": "no",
        "payment:cash": "yes",
        "payment:credit_cards": "no",
        "payment:debit_cards": "no",
        "vending": "coffee"
      },
      "geometry": {
        "type": "Point",
        "coordinates": [
          24.6048453,
          43.4195803
        ]
      },
      "id": "node/11933553747"
    },
    {
      "type": "Feature",
      "properties": {
        "@id": "node/11938932565",
        "amenity": "vending_machine",
        "vending": "coffee"
      },
      "geometry": {
        "type": "Point",
        "coordinates": [
          23.322975,
          42.6998891
        ]
      },
      "id": "node/11938932565"
    },
    {
      "type": "Feature",
      "properties": {
        "@id": "node/11947510867",
        "amenity": "vending_machine",
        "payment:coins": "yes",
        "vending": "coffee"
      },
      "geometry": {
        "type": "Point",
        "coordinates": [
          24.4227883,
          42.0621293
        ]
      },
      "id": "node/11947510867"
    },
    {
      "type": "Feature",
      "properties": {
        "@id": "node/11947510868",
        "amenity": "vending_machine",
        "food": "snacks",
        "payment:coins": "yes",
        "vending": "food;drinks"
      },
      "geometry": {
        "type": "Point",
        "coordinates": [
          24.4227777,
          42.0621423
        ]
      },
      "id": "node/11947510868"
    },
    {
      "type": "Feature",
      "properties": {
        "@id": "node/11956537650",
        "amenity": "vending_machine",
        "vending": "food"
      },
      "geometry": {
        "type": "Point",
        "coordinates": [
          23.1003102,
          42.0214365
        ]
      },
      "id": "node/11956537650"
    },
    {
      "type": "Feature",
      "properties": {
        "@id": "node/11959704863",
        "amenity": "vending_machine",
        "indoor": "yes",
        "name": "БГ Тол",
        "name:en": "BG Toll",
        "operator": "БГ Тол",
        "operator:wikidata": "Q118964623",
        "vending": "toll"
      },
      "geometry": {
        "type": "Point",
        "coordinates": [
          24.021177,
          42.9545455
        ]
      },
      "id": "node/11959704863"
    },
    {
      "type": "Feature",
      "properties": {
        "@id": "node/11968505942",
        "amenity": "vending_machine",
        "indoor": "yes",
        "vending": "coffee"
      },
      "geometry": {
        "type": "Point",
        "coordinates": [
          23.3417909,
          42.6544318
        ]
      },
      "id": "node/11968505942"
    },
    {
      "type": "Feature",
      "properties": {
        "@id": "node/11968517907",
        "amenity": "vending_machine",
        "indoor": "yes",
        "vending": "food"
      },
      "geometry": {
        "type": "Point",
        "coordinates": [
          23.3418012,
          42.6544298
        ]
      },
      "id": "node/11968517907"
    },
    {
      "type": "Feature",
      "properties": {
        "@id": "node/11982667114",
        "amenity": "vending_machine",
        "vending": "coffee"
      },
      "geometry": {
        "type": "Point",
        "coordinates": [
          23.3659682,
          42.6394106
        ]
      },
      "id": "node/11982667114"
    },
    {
      "type": "Feature",
      "properties": {
        "@id": "node/11985634040",
        "amenity": "vending_machine",
        "vending": "drinks"
      },
      "geometry": {
        "type": "Point",
        "coordinates": [
          25.6140099,
          42.4375333
        ]
      },
      "id": "node/11985634040"
    },
    {
      "type": "Feature",
      "properties": {
        "@id": "node/11985634044",
        "amenity": "vending_machine",
        "vending": "drinks"
      },
      "geometry": {
        "type": "Point",
        "coordinates": [
          25.6140561,
          42.4375606
        ]
      },
      "id": "node/11985634044"
    },
    {
      "type": "Feature",
      "properties": {
        "@id": "node/11985634059",
        "amenity": "vending_machine",
        "vending": "drinks"
      },
      "geometry": {
        "type": "Point",
        "coordinates": [
          25.6140319,
          42.4375468
        ]
      },
      "id": "node/11985634059"
    },
    {
      "type": "Feature",
      "properties": {
        "@id": "node/11985634067",
        "amenity": "vending_machine",
        "vending": "drinks"
      },
      "geometry": {
        "type": "Point",
        "coordinates": [
          25.6176447,
          42.4381182
        ]
      },
      "id": "node/11985634067"
    },
    {
      "type": "Feature",
      "properties": {
        "@id": "node/11998746951",
        "amenity": "vending_machine",
        "drink:coffee": "yes",
        "vending": "drinks"
      },
      "geometry": {
        "type": "Point",
        "coordinates": [
          23.2583749,
          42.2879593
        ]
      },
      "id": "node/11998746951"
    },
    {
      "type": "Feature",
      "properties": {
        "@id": "node/12012301537",
        "amenity": "vending_machine"
      },
      "geometry": {
        "type": "Point",
        "coordinates": [
          24.0765902,
          43.2690839
        ]
      },
      "id": "node/12012301537"
    },
    {
      "type": "Feature",
      "properties": {
        "@id": "node/12035909954",
        "amenity": "vending_machine"
      },
      "geometry": {
        "type": "Point",
        "coordinates": [
          24.8002814,
          42.1451358
        ]
      },
      "id": "node/12035909954"
    },
    {
      "type": "Feature",
      "properties": {
        "@id": "node/12049042524",
        "amenity": "vending_machine",
        "vending": "drinks"
      },
      "geometry": {
        "type": "Point",
        "coordinates": [
          27.7066188,
          42.6652201
        ]
      },
      "id": "node/12049042524"
    },
    {
      "type": "Feature",
      "properties": {
        "@id": "node/12051886849",
        "amenity": "vending_machine",
        "vending": "coffee"
      },
      "geometry": {
        "type": "Point",
        "coordinates": [
          23.5180585,
          42.7810758
        ]
      },
      "id": "node/12051886849"
    },
    {
      "type": "Feature",
      "properties": {
        "@id": "node/12074965552",
        "amenity": "vending_machine",
        "vending": "drinks"
      },
      "geometry": {
        "type": "Point",
        "coordinates": [
          27.6390256,
          42.6329024
        ]
      },
      "id": "node/12074965552"
    },
    {
      "type": "Feature",
      "properties": {
        "@id": "node/12090074885",
        "amenity": "vending_machine",
        "vending": "coffee"
      },
      "geometry": {
        "type": "Point",
        "coordinates": [
          25.5532107,
          41.9357615
        ]
      },
      "id": "node/12090074885"
    },
    {
      "type": "Feature",
      "properties": {
        "@id": "node/12091531491",
        "amenity": "vending_machine",
        "vending": "coffee"
      },
      "geometry": {
        "type": "Point",
        "coordinates": [
          27.7603785,
          42.7096829
        ]
      },
      "id": "node/12091531491"
    },
    {
      "type": "Feature",
      "properties": {
        "@id": "node/12095709595",
        "amenity": "vending_machine"
      },
      "geometry": {
        "type": "Point",
        "coordinates": [
          23.3904793,
          42.6531643
        ]
      },
      "id": "node/12095709595"
    },
    {
      "type": "Feature",
      "properties": {
        "@id": "node/12096522404",
        "amenity": "vending_machine",
        "vending": "coffee"
      },
      "geometry": {
        "type": "Point",
        "coordinates": [
          23.3198497,
          42.7027438
        ]
      },
      "id": "node/12096522404"
    },
    {
      "type": "Feature",
      "properties": {
        "@id": "node/12097655609",
        "amenity": "vending_machine"
      },
      "geometry": {
        "type": "Point",
        "coordinates": [
          25.3004968,
          41.4975215
        ]
      },
      "id": "node/12097655609"
    },
    {
      "type": "Feature",
      "properties": {
        "@id": "node/12098334272",
        "amenity": "vending_machine",
        "check_date": "2024-08-08",
        "payment:cards": "no",
        "payment:cash": "yes",
        "payment:credit_cards": "no",
        "payment:debit_cards": "no",
        "vending": "coffee"
      },
      "geometry": {
        "type": "Point",
        "coordinates": [
          27.9787804,
          42.0617137
        ]
      },
      "id": "node/12098334272"
    },
    {
      "type": "Feature",
      "properties": {
        "@id": "node/12110439573",
        "amenity": "vending_machine",
        "level": "-2"
      },
      "geometry": {
        "type": "Point",
        "coordinates": [
          23.2888364,
          42.6640488
        ]
      },
      "id": "node/12110439573"
    },
    {
      "type": "Feature",
      "properties": {
        "@id": "node/12116842471",
        "amenity": "vending_machine",
        "vending": "coffee;drinks;food;water"
      },
      "geometry": {
        "type": "Point",
        "coordinates": [
          23.3180851,
          42.6405733
        ]
      },
      "id": "node/12116842471"
    },
    {
      "type": "Feature",
      "properties": {
        "@id": "node/12126050155",
        "amenity": "vending_machine",
        "check_date": "2025-07-31",
        "count": "2",
        "indoor": "yes",
        "operator": "Lidl",
        "vending": "bottle_return"
      },
      "geometry": {
        "type": "Point",
        "coordinates": [
          23.3005026,
          42.659548
        ]
      },
      "id": "node/12126050155"
    },
    {
      "type": "Feature",
      "properties": {
        "@id": "node/12153597442",
        "addr:floor": "G",
        "addr:housenumber": "8",
        "addr:street": "Петър Парчевич",
        "amenity": "vending_machine",
        "check_date": "2024-09-03",
        "payment:cards": "no",
        "payment:cash": "yes",
        "payment:credit_cards": "no",
        "payment:debit_cards": "no",
        "vending": "coffee"
      },
      "geometry": {
        "type": "Point",
        "coordinates": [
          27.9149462,
          43.2047233
        ]
      },
      "id": "node/12153597442"
    },
    {
      "type": "Feature",
      "properties": {
        "@id": "node/12153597443",
        "addr:floor": "G",
        "addr:housenumber": "24",
        "addr:street": "Шейново",
        "amenity": "vending_machine",
        "check_date": "2024-09-03",
        "payment:cards": "no",
        "payment:cash": "yes",
        "payment:credit_cards": "no",
        "payment:debit_cards": "no",
        "vending": "coffee"
      },
      "geometry": {
        "type": "Point",
        "coordinates": [
          27.9139227,
          43.2046554
        ]
      },
      "id": "node/12153597443"
    },
    {
      "type": "Feature",
      "properties": {
        "@id": "node/12158216797",
        "addr:floor": "G",
        "addr:housenumber": "20",
        "addr:street": "Иван Вазов",
        "amenity": "vending_machine",
        "check_date": "2024-09-05",
        "payment:cards": "no",
        "payment:cash": "yes",
        "payment:credit_cards": "no",
        "payment:debit_cards": "no",
        "vending": "coffee"
      },
      "geometry": {
        "type": "Point",
        "coordinates": [
          27.9163439,
          43.2044196
        ]
      },
      "id": "node/12158216797"
    },
    {
      "type": "Feature",
      "properties": {
        "@id": "node/12180397258",
        "amenity": "vending_machine",
        "vending": "coffee"
      },
      "geometry": {
        "type": "Point",
        "coordinates": [
          23.3290973,
          42.6921633
        ]
      },
      "id": "node/12180397258"
    },
    {
      "type": "Feature",
      "properties": {
        "@id": "node/12194036514",
        "amenity": "vending_machine",
        "vending": "coffee"
      },
      "geometry": {
        "type": "Point",
        "coordinates": [
          25.559461,
          41.9251704
        ]
      },
      "id": "node/12194036514"
    },
    {
      "type": "Feature",
      "properties": {
        "@id": "node/12199301919",
        "amenity": "vending_machine",
        "payment:cash": "yes",
        "vending": "drinks"
      },
      "geometry": {
        "type": "Point",
        "coordinates": [
          23.3304723,
          43.038852
        ]
      },
      "id": "node/12199301919"
    },
    {
      "type": "Feature",
      "properties": {
        "@id": "node/12234868095",
        "amenity": "vending_machine",
        "food": "snacks",
        "vending": "food"
      },
      "geometry": {
        "type": "Point",
        "coordinates": [
          23.320699,
          42.6707104
        ]
      },
      "id": "node/12234868095"
    },
    {
      "type": "Feature",
      "properties": {
        "@id": "node/12234888375",
        "amenity": "vending_machine",
        "vending": "coffee"
      },
      "geometry": {
        "type": "Point",
        "coordinates": [
          23.3206844,
          42.6707237
        ]
      },
      "id": "node/12234888375"
    },
    {
      "type": "Feature",
      "properties": {
        "@id": "node/12234890416",
        "amenity": "vending_machine",
        "vending": "coffee"
      },
      "geometry": {
        "type": "Point",
        "coordinates": [
          23.3206922,
          42.6706965
        ]
      },
      "id": "node/12234890416"
    },
    {
      "type": "Feature",
      "properties": {
        "@id": "node/12238417728",
        "amenity": "vending_machine",
        "vending": "coffee"
      },
      "geometry": {
        "type": "Point",
        "coordinates": [
          23.3301144,
          42.6980971
        ]
      },
      "id": "node/12238417728"
    },
    {
      "type": "Feature",
      "properties": {
        "@id": "node/12248375493",
        "amenity": "vending_machine"
      },
      "geometry": {
        "type": "Point",
        "coordinates": [
          24.7280708,
          42.1301693
        ]
      },
      "id": "node/12248375493"
    },
    {
      "type": "Feature",
      "properties": {
        "@id": "node/12250317789",
        "amenity": "vending_machine",
        "payment:coins": "yes",
        "vending": "coffee"
      },
      "geometry": {
        "type": "Point",
        "coordinates": [
          23.3397295,
          42.6432698
        ]
      },
      "id": "node/12250317789"
    },
    {
      "type": "Feature",
      "properties": {
        "@id": "node/12259716815",
        "amenity": "vending_machine",
        "vending": "coffee"
      },
      "geometry": {
        "type": "Point",
        "coordinates": [
          24.7195829,
          42.1251494
        ]
      },
      "id": "node/12259716815"
    },
    {
      "type": "Feature",
      "properties": {
        "@id": "node/12259757536",
        "amenity": "vending_machine",
        "vending": "coffee"
      },
      "geometry": {
        "type": "Point",
        "coordinates": [
          24.7182519,
          42.1266331
        ]
      },
      "id": "node/12259757536"
    },
    {
      "type": "Feature",
      "properties": {
        "@id": "node/12269926042",
        "amenity": "vending_machine",
        "check_date": "2025-10-30",
        "mapillary": "3875065256044132",
        "name": "VB Trading",
        "vending": "pizza"
      },
      "geometry": {
        "type": "Point",
        "coordinates": [
          23.321774,
          42.6985409
        ]
      },
      "id": "node/12269926042"
    },
    {
      "type": "Feature",
      "properties": {
        "@id": "node/12271686055",
        "amenity": "vending_machine",
        "indoor": "no",
        "vending": "coffee"
      },
      "geometry": {
        "type": "Point",
        "coordinates": [
          23.3370991,
          42.6572751
        ]
      },
      "id": "node/12271686055"
    },
    {
      "type": "Feature",
      "properties": {
        "@id": "node/12273618826",
        "amenity": "vending_machine",
        "vending": "coffee"
      },
      "geometry": {
        "type": "Point",
        "coordinates": [
          23.3164716,
          42.6617709
        ]
      },
      "id": "node/12273618826"
    },
    {
      "type": "Feature",
      "properties": {
        "@id": "node/12273618916",
        "amenity": "vending_machine",
        "check_date": "2026-06-06",
        "indoor": "yes",
        "vending": "coffee"
      },
      "geometry": {
        "type": "Point",
        "coordinates": [
          23.3151439,
          42.6560141
        ]
      },
      "id": "node/12273618916"
    },
    {
      "type": "Feature",
      "properties": {
        "@id": "node/12277136756",
        "amenity": "vending_machine",
        "vending": "coffee"
      },
      "geometry": {
        "type": "Point",
        "coordinates": [
          24.7467614,
          42.1394234
        ]
      },
      "id": "node/12277136756"
    },
    {
      "type": "Feature",
      "properties": {
        "@id": "node/12278758511",
        "amenity": "vending_machine",
        "vending": "parking_tickets"
      },
      "geometry": {
        "type": "Point",
        "coordinates": [
          24.7431361,
          42.1367791
        ]
      },
      "id": "node/12278758511"
    },
    {
      "type": "Feature",
      "properties": {
        "@id": "node/12278758526",
        "amenity": "vending_machine",
        "operator": "Община Пловдив",
        "vending": "parking_tickets"
      },
      "geometry": {
        "type": "Point",
        "coordinates": [
          24.7443464,
          42.1376015
        ]
      },
      "id": "node/12278758526"
    },
    {
      "type": "Feature",
      "properties": {
        "@id": "node/12278758548",
        "amenity": "vending_machine",
        "vending": "parking_tickets"
      },
      "geometry": {
        "type": "Point",
        "coordinates": [
          24.7453503,
          42.1382942
        ]
      },
      "id": "node/12278758548"
    },
    {
      "type": "Feature",
      "properties": {
        "@id": "node/12278758549",
        "amenity": "vending_machine",
        "vending": "coffee"
      },
      "geometry": {
        "type": "Point",
        "coordinates": [
          24.7452765,
          42.1383489
        ]
      },
      "id": "node/12278758549"
    },
    {
      "type": "Feature",
      "properties": {
        "@id": "node/12284678540",
        "amenity": "vending_machine",
        "operator": "Община Бургас",
        "vending": "parking_tickets"
      },
      "geometry": {
        "type": "Point",
        "coordinates": [
          27.4721755,
          42.4927816
        ]
      },
      "id": "node/12284678540"
    },
    {
      "type": "Feature",
      "properties": {
        "@id": "node/12285486844",
        "amenity": "vending_machine",
        "operator": "Община Бургас",
        "vending": "parking_tickets"
      },
      "geometry": {
        "type": "Point",
        "coordinates": [
          27.471061,
          42.5004787
        ]
      },
      "id": "node/12285486844"
    },
    {
      "type": "Feature",
      "properties": {
        "@id": "node/12291836523",
        "amenity": "vending_machine",
        "drink:coffee": "yes",
        "indoor": "yes",
        "vending": "drinks"
      },
      "geometry": {
        "type": "Point",
        "coordinates": [
          23.3101387,
          42.7098705
        ]
      },
      "id": "node/12291836523"
    },
    {
      "type": "Feature",
      "properties": {
        "@id": "node/12299536789",
        "amenity": "vending_machine",
        "vending": "coffee"
      },
      "geometry": {
        "type": "Point",
        "coordinates": [
          23.3341419,
          42.6569312
        ]
      },
      "id": "node/12299536789"
    },
    {
      "type": "Feature",
      "properties": {
        "@id": "node/12311865647",
        "amenity": "vending_machine",
        "vending": "sweets"
      },
      "geometry": {
        "type": "Point",
        "coordinates": [
          27.8693372,
          43.2312539
        ]
      },
      "id": "node/12311865647"
    },
    {
      "type": "Feature",
      "properties": {
        "@id": "node/12311865648",
        "amenity": "vending_machine",
        "vending": "coffee"
      },
      "geometry": {
        "type": "Point",
        "coordinates": [
          27.8693412,
          43.2312774
        ]
      },
      "id": "node/12311865648"
    },
    {
      "type": "Feature",
      "properties": {
        "@id": "node/12314124810",
        "amenity": "vending_machine",
        "indoor": "yes",
        "level": "1",
        "vending": "drinks"
      },
      "geometry": {
        "type": "Point",
        "coordinates": [
          23.4133332,
          42.6916424
        ]
      },
      "id": "node/12314124810"
    },
    {
      "type": "Feature",
      "properties": {
        "@id": "node/12314134107",
        "amenity": "vending_machine",
        "food": "snacks",
        "indoor": "yes",
        "level": "1",
        "vending": "food"
      },
      "geometry": {
        "type": "Point",
        "coordinates": [
          23.4133727,
          42.6916542
        ]
      },
      "id": "node/12314134107"
    },
    {
      "type": "Feature",
      "properties": {
        "@id": "node/12323863221",
        "amenity": "vending_machine",
        "vending": "coffee"
      },
      "geometry": {
        "type": "Point",
        "coordinates": [
          27.9240093,
          43.2252228
        ]
      },
      "id": "node/12323863221"
    },
    {
      "type": "Feature",
      "properties": {
        "@id": "node/12341969201",
        "amenity": "vending_machine",
        "check_date": "2025-11-14"
      },
      "geometry": {
        "type": "Point",
        "coordinates": [
          23.2952963,
          42.687167
        ]
      },
      "id": "node/12341969201"
    },
    {
      "type": "Feature",
      "properties": {
        "@id": "node/12348499707",
        "amenity": "vending_machine",
        "check_date": "2025-02-08",
        "opening_hours": "24/7",
        "payment:cash": "yes",
        "vending": "pizza"
      },
      "geometry": {
        "type": "Point",
        "coordinates": [
          24.5963102,
          43.4229215
        ]
      },
      "id": "node/12348499707"
    },
    {
      "type": "Feature",
      "properties": {
        "@id": "node/12362903060",
        "amenity": "vending_machine"
      },
      "geometry": {
        "type": "Point",
        "coordinates": [
          27.7315084,
          42.6583987
        ]
      },
      "id": "node/12362903060"
    },
    {
      "type": "Feature",
      "properties": {
        "@id": "node/12362938576",
        "amenity": "vending_machine"
      },
      "geometry": {
        "type": "Point",
        "coordinates": [
          27.6807952,
          42.6434384
        ]
      },
      "id": "node/12362938576"
    },
    {
      "type": "Feature",
      "properties": {
        "@id": "node/12378592697",
        "amenity": "vending_machine",
        "vending": "coffee"
      },
      "geometry": {
        "type": "Point",
        "coordinates": [
          24.600372,
          43.4223047
        ]
      },
      "id": "node/12378592697"
    },
    {
      "type": "Feature",
      "properties": {
        "@id": "node/12378623400",
        "amenity": "vending_machine",
        "vending": "coffee"
      },
      "geometry": {
        "type": "Point",
        "coordinates": [
          24.5973236,
          43.41984
        ]
      },
      "id": "node/12378623400"
    },
    {
      "type": "Feature",
      "properties": {
        "@id": "node/12383993071",
        "amenity": "vending_machine",
        "vending": "coffee"
      },
      "geometry": {
        "type": "Point",
        "coordinates": [
          24.5968766,
          43.4183874
        ]
      },
      "id": "node/12383993071"
    },
    {
      "type": "Feature",
      "properties": {
        "@id": "node/12384024670",
        "amenity": "vending_machine",
        "vending": "coffee"
      },
      "geometry": {
        "type": "Point",
        "coordinates": [
          24.5968933,
          43.4182621
        ]
      },
      "id": "node/12384024670"
    },
    {
      "type": "Feature",
      "properties": {
        "@id": "node/12384039773",
        "amenity": "vending_machine",
        "vending": "coffee"
      },
      "geometry": {
        "type": "Point",
        "coordinates": [
          24.5965305,
          43.4183309
        ]
      },
      "id": "node/12384039773"
    },
    {
      "type": "Feature",
      "properties": {
        "@id": "node/12384340609",
        "amenity": "vending_machine",
        "vending": "coffee"
      },
      "geometry": {
        "type": "Point",
        "coordinates": [
          24.1513528,
          43.0949221
        ]
      },
      "id": "node/12384340609"
    },
    {
      "type": "Feature",
      "properties": {
        "@id": "node/12385235981",
        "amenity": "vending_machine",
        "food": "snacks",
        "vending": "food"
      },
      "geometry": {
        "type": "Point",
        "coordinates": [
          22.7014862,
          42.2910935
        ]
      },
      "id": "node/12385235981"
    },
    {
      "type": "Feature",
      "properties": {
        "@id": "node/12385235982",
        "amenity": "vending_machine",
        "vending": "coffee"
      },
      "geometry": {
        "type": "Point",
        "coordinates": [
          22.7015011,
          42.2910795
        ]
      },
      "id": "node/12385235982"
    },
    {
      "type": "Feature",
      "properties": {
        "@id": "node/12385235983",
        "amenity": "vending_machine",
        "food": "snacks",
        "vending": "food"
      },
      "geometry": {
        "type": "Point",
        "coordinates": [
          22.701511,
          42.2910671
        ]
      },
      "id": "node/12385235983"
    },
    {
      "type": "Feature",
      "properties": {
        "@id": "node/12400814491",
        "amenity": "vending_machine",
        "indoor": "yes"
      },
      "geometry": {
        "type": "Point",
        "coordinates": [
          23.3191743,
          42.7020806
        ]
      },
      "id": "node/12400814491"
    },
    {
      "type": "Feature",
      "properties": {
        "@id": "node/12400814492",
        "amenity": "vending_machine",
        "indoor": "yes"
      },
      "geometry": {
        "type": "Point",
        "coordinates": [
          23.3191716,
          42.7020749
        ]
      },
      "id": "node/12400814492"
    },
    {
      "type": "Feature",
      "properties": {
        "@id": "node/12400814493",
        "amenity": "vending_machine",
        "indoor": "yes"
      },
      "geometry": {
        "type": "Point",
        "coordinates": [
          23.3191689,
          42.7020692
        ]
      },
      "id": "node/12400814493"
    },
    {
      "type": "Feature",
      "properties": {
        "@id": "node/12427104868",
        "amenity": "vending_machine",
        "vending": "parking_tickets"
      },
      "geometry": {
        "type": "Point",
        "coordinates": [
          23.3980343,
          42.7078159
        ]
      },
      "id": "node/12427104868"
    },
    {
      "type": "Feature",
      "properties": {
        "@id": "node/12433482803",
        "amenity": "vending_machine",
        "vending": "coffee"
      },
      "geometry": {
        "type": "Point",
        "coordinates": [
          27.926829,
          43.2225227
        ]
      },
      "id": "node/12433482803"
    },
    {
      "type": "Feature",
      "properties": {
        "@id": "node/12438544335",
        "amenity": "vending_machine",
        "check_date": "2025-10-21",
        "count": "2",
        "indoor": "yes",
        "level": "0",
        "operator": "Kaufland",
        "vending": "bottle_return"
      },
      "geometry": {
        "type": "Point",
        "coordinates": [
          23.3654401,
          42.6677215
        ]
      },
      "id": "node/12438544335"
    },
    {
      "type": "Feature",
      "properties": {
        "@id": "node/12473478556",
        "amenity": "vending_machine"
      },
      "geometry": {
        "type": "Point",
        "coordinates": [
          24.4269389,
          41.8466537
        ]
      },
      "id": "node/12473478556"
    },
    {
      "type": "Feature",
      "properties": {
        "@id": "node/12474148411",
        "amenity": "vending_machine",
        "vending": "parking_tickets"
      },
      "geometry": {
        "type": "Point",
        "coordinates": [
          23.4125984,
          42.6865404
        ]
      },
      "id": "node/12474148411"
    },
    {
      "type": "Feature",
      "properties": {
        "@id": "node/12474148412",
        "amenity": "vending_machine",
        "vending": "parking_tickets"
      },
      "geometry": {
        "type": "Point",
        "coordinates": [
          23.4125857,
          42.6865081
        ]
      },
      "id": "node/12474148412"
    },
    {
      "type": "Feature",
      "properties": {
        "@id": "node/12492217909",
        "amenity": "vending_machine",
        "check_date": "2025-01-11",
        "payment:cards": "no",
        "payment:cash": "yes",
        "payment:coins": "yes",
        "payment:credit_cards": "no",
        "payment:debit_cards": "no",
        "vending": "coffee"
      },
      "geometry": {
        "type": "Point",
        "coordinates": [
          24.5969666,
          43.4214078
        ]
      },
      "id": "node/12492217909"
    },
    {
      "type": "Feature",
      "properties": {
        "@id": "node/12520886320",
        "amenity": "vending_machine",
        "vending": "parking_tickets"
      },
      "geometry": {
        "type": "Point",
        "coordinates": [
          27.4639448,
          42.493521
        ]
      },
      "id": "node/12520886320"
    },
    {
      "type": "Feature",
      "properties": {
        "@id": "node/12563153945",
        "amenity": "vending_machine",
        "vending": "parking_tickets"
      },
      "geometry": {
        "type": "Point",
        "coordinates": [
          27.4751618,
          42.4936698
        ]
      },
      "id": "node/12563153945"
    },
    {
      "type": "Feature",
      "properties": {
        "@id": "node/12565120443",
        "amenity": "vending_machine",
        "vending": "parking_tickets"
      },
      "geometry": {
        "type": "Point",
        "coordinates": [
          27.4786252,
          42.4905392
        ]
      },
      "id": "node/12565120443"
    },
    {
      "type": "Feature",
      "properties": {
        "@id": "node/12567009784",
        "amenity": "vending_machine",
        "indoor": "yes",
        "level": "0"
      },
      "geometry": {
        "type": "Point",
        "coordinates": [
          23.4140463,
          42.6903421
        ]
      },
      "id": "node/12567009784"
    },
    {
      "type": "Feature",
      "properties": {
        "@id": "node/12581997512",
        "amenity": "vending_machine"
      },
      "geometry": {
        "type": "Point",
        "coordinates": [
          24.9394393,
          41.4988581
        ]
      },
      "id": "node/12581997512"
    },
    {
      "type": "Feature",
      "properties": {
        "@id": "node/12632570779",
        "amenity": "vending_machine",
        "drink:coffee": "yes",
        "vending": "drinks"
      },
      "geometry": {
        "type": "Point",
        "coordinates": [
          24.7344802,
          42.1606129
        ]
      },
      "id": "node/12632570779"
    },
    {
      "type": "Feature",
      "properties": {
        "@id": "node/12632570785",
        "amenity": "vending_machine",
        "drink:coffee": "yes",
        "vending": "drinks"
      },
      "geometry": {
        "type": "Point",
        "coordinates": [
          24.7339185,
          42.159331
        ]
      },
      "id": "node/12632570785"
    },
    {
      "type": "Feature",
      "properties": {
        "@id": "node/12632570791",
        "amenity": "vending_machine",
        "drink:coffee": "yes",
        "vending": "drinks"
      },
      "geometry": {
        "type": "Point",
        "coordinates": [
          24.7337629,
          42.1592864
        ]
      },
      "id": "node/12632570791"
    },
    {
      "type": "Feature",
      "properties": {
        "@id": "node/12636326991",
        "amenity": "vending_machine",
        "check_date": "2025-03-04",
        "count": "2",
        "indoor": "no",
        "name": "Coffee corner",
        "vending": "coffee"
      },
      "geometry": {
        "type": "Point",
        "coordinates": [
          23.2737445,
          42.6705919
        ]
      },
      "id": "node/12636326991"
    },
    {
      "type": "Feature",
      "properties": {
        "@id": "node/12645532944",
        "amenity": "vending_machine",
        "payment:coins": "yes",
        "vending": "coffee"
      },
      "geometry": {
        "type": "Point",
        "coordinates": [
          24.5980512,
          43.4213654
        ]
      },
      "id": "node/12645532944"
    },
    {
      "type": "Feature",
      "properties": {
        "@id": "node/12652428841",
        "amenity": "vending_machine",
        "vending": "drinks"
      },
      "geometry": {
        "type": "Point",
        "coordinates": [
          23.3194345,
          42.698167
        ]
      },
      "id": "node/12652428841"
    },
    {
      "type": "Feature",
      "properties": {
        "@id": "node/12652447610",
        "amenity": "vending_machine",
        "vending": "coffee"
      },
      "geometry": {
        "type": "Point",
        "coordinates": [
          23.3194376,
          42.6981764
        ]
      },
      "id": "node/12652447610"
    },
    {
      "type": "Feature",
      "properties": {
        "@id": "node/12652450829",
        "amenity": "vending_machine",
        "vending": "sweets"
      },
      "geometry": {
        "type": "Point",
        "coordinates": [
          23.3194318,
          42.6981589
        ]
      },
      "id": "node/12652450829"
    },
    {
      "type": "Feature",
      "properties": {
        "@id": "node/12666714496",
        "amenity": "vending_machine",
        "food": "snacks",
        "indoor": "yes",
        "vending": "food"
      },
      "geometry": {
        "type": "Point",
        "coordinates": [
          23.3198841,
          42.7024559
        ]
      },
      "id": "node/12666714496"
    },
    {
      "type": "Feature",
      "properties": {
        "@id": "node/12666753920",
        "amenity": "vending_machine",
        "indoor": "yes",
        "vending": "coffee"
      },
      "geometry": {
        "type": "Point",
        "coordinates": [
          23.3198737,
          42.7024378
        ]
      },
      "id": "node/12666753920"
    },
    {
      "type": "Feature",
      "properties": {
        "@id": "node/12666760852",
        "amenity": "vending_machine",
        "indoor": "yes",
        "vending": "coffee"
      },
      "geometry": {
        "type": "Point",
        "coordinates": [
          23.3198792,
          42.7024475
        ]
      },
      "id": "node/12666760852"
    },
    {
      "type": "Feature",
      "properties": {
        "@id": "node/12676578882",
        "amenity": "vending_machine",
        "indoor": "no",
        "vending": "coffee"
      },
      "geometry": {
        "type": "Point",
        "coordinates": [
          23.3198681,
          42.7016626
        ]
      },
      "id": "node/12676578882"
    },
    {
      "type": "Feature",
      "properties": {
        "@id": "node/12676586327",
        "amenity": "vending_machine",
        "food": "snacks",
        "indoor": "no",
        "vending": "food"
      },
      "geometry": {
        "type": "Point",
        "coordinates": [
          23.3198759,
          42.7016615
        ]
      },
      "id": "node/12676586327"
    },
    {
      "type": "Feature",
      "properties": {
        "@id": "node/12733427742",
        "amenity": "vending_machine",
        "indoor": "yes",
        "operator": "Pizzata Italiana",
        "vending": "pizza"
      },
      "geometry": {
        "type": "Point",
        "coordinates": [
          23.384134,
          42.6239957
        ]
      },
      "id": "node/12733427742"
    },
    {
      "type": "Feature",
      "properties": {
        "@id": "node/12772951700",
        "amenity": "vending_machine",
        "check_date": "2025-12-20",
        "count": "2",
        "indoor": "yes",
        "operator": "Kaufland",
        "recycling:cans": "yes",
        "recycling:plastic_bottles": "yes",
        "recycling:refund_bottle_crates": "no;yes",
        "recycling:refund_bottles": "no",
        "vending": "bottle_return"
      },
      "geometry": {
        "type": "Point",
        "coordinates": [
          23.2415267,
          42.725613
        ]
      },
      "id": "node/12772951700"
    },
    {
      "type": "Feature",
      "properties": {
        "@id": "node/12774699409",
        "amenity": "vending_machine",
        "vending": "coffee"
      },
      "geometry": {
        "type": "Point",
        "coordinates": [
          27.8608133,
          43.236156
        ]
      },
      "id": "node/12774699409"
    },
    {
      "type": "Feature",
      "properties": {
        "@id": "node/12778877196",
        "amenity": "vending_machine"
      },
      "geometry": {
        "type": "Point",
        "coordinates": [
          24.9589776,
          42.6544284
        ]
      },
      "id": "node/12778877196"
    },
    {
      "type": "Feature",
      "properties": {
        "@id": "node/12778888740",
        "amenity": "vending_machine"
      },
      "geometry": {
        "type": "Point",
        "coordinates": [
          24.9677825,
          42.6128319
        ]
      },
      "id": "node/12778888740"
    },
    {
      "type": "Feature",
      "properties": {
        "@id": "node/12778889204",
        "amenity": "vending_machine"
      },
      "geometry": {
        "type": "Point",
        "coordinates": [
          24.9745568,
          42.6113302
        ]
      },
      "id": "node/12778889204"
    },
    {
      "type": "Feature",
      "properties": {
        "@id": "node/12829219432",
        "amenity": "vending_machine",
        "vending": "gifts"
      },
      "geometry": {
        "type": "Point",
        "coordinates": [
          23.3161953,
          42.651392
        ]
      },
      "id": "node/12829219432"
    },
    {
      "type": "Feature",
      "properties": {
        "@id": "node/12834485171",
        "amenity": "vending_machine",
        "name": "кафе \"Мечта\"",
        "vending": "coffee"
      },
      "geometry": {
        "type": "Point",
        "coordinates": [
          27.9315033,
          43.2269704
        ]
      },
      "id": "node/12834485171"
    },
    {
      "type": "Feature",
      "properties": {
        "@id": "node/12840202260",
        "amenity": "vending_machine",
        "indoor": "no",
        "vending": "coffee"
      },
      "geometry": {
        "type": "Point",
        "coordinates": [
          23.317616,
          42.7046233
        ]
      },
      "id": "node/12840202260"
    },
    {
      "type": "Feature",
      "properties": {
        "@id": "node/12840207419",
        "amenity": "vending_machine",
        "food": "snacks",
        "indoor": "no",
        "vending": "food"
      },
      "geometry": {
        "type": "Point",
        "coordinates": [
          23.3176166,
          42.7046313
        ]
      },
      "id": "node/12840207419"
    },
    {
      "type": "Feature",
      "properties": {
        "@id": "node/12879048799",
        "amenity": "vending_machine",
        "check_date": "2025-08-16",
        "vending": "coffee"
      },
      "geometry": {
        "type": "Point",
        "coordinates": [
          23.28625,
          42.7284331
        ]
      },
      "id": "node/12879048799"
    },
    {
      "type": "Feature",
      "properties": {
        "@id": "node/12879048800",
        "amenity": "vending_machine",
        "check_date": "2025-08-16",
        "vending": "coffee"
      },
      "geometry": {
        "type": "Point",
        "coordinates": [
          23.2862735,
          42.7284233
        ]
      },
      "id": "node/12879048800"
    },
    {
      "type": "Feature",
      "properties": {
        "@id": "node/12960856421",
        "amenity": "vending_machine",
        "vending": "coffee"
      },
      "geometry": {
        "type": "Point",
        "coordinates": [
          27.7044327,
          42.6578187
        ]
      },
      "id": "node/12960856421"
    },
    {
      "type": "Feature",
      "properties": {
        "@id": "node/12981526498",
        "amenity": "vending_machine",
        "vending": "coffee"
      },
      "geometry": {
        "type": "Point",
        "coordinates": [
          27.7046328,
          42.6545858
        ]
      },
      "id": "node/12981526498"
    },
    {
      "type": "Feature",
      "properties": {
        "@id": "node/12995423527",
        "amenity": "vending_machine",
        "vending": "coffee"
      },
      "geometry": {
        "type": "Point",
        "coordinates": [
          27.9291411,
          43.2230145
        ]
      },
      "id": "node/12995423527"
    },
    {
      "type": "Feature",
      "properties": {
        "@id": "node/12995423528",
        "amenity": "vending_machine",
        "vending": "coffee"
      },
      "geometry": {
        "type": "Point",
        "coordinates": [
          27.9290687,
          43.2229008
        ]
      },
      "id": "node/12995423528"
    },
    {
      "type": "Feature",
      "properties": {
        "@id": "node/13011792207",
        "amenity": "vending_machine",
        "vending": "parking_tickets"
      },
      "geometry": {
        "type": "Point",
        "coordinates": [
          23.3077636,
          42.6962551
        ]
      },
      "id": "node/13011792207"
    },
    {
      "type": "Feature",
      "properties": {
        "@id": "node/13024513312",
        "amenity": "vending_machine"
      },
      "geometry": {
        "type": "Point",
        "coordinates": [
          27.4746952,
          42.497943
        ]
      },
      "id": "node/13024513312"
    },
    {
      "type": "Feature",
      "properties": {
        "@id": "node/13026284322",
        "amenity": "vending_machine",
        "vending": "coffee"
      },
      "geometry": {
        "type": "Point",
        "coordinates": [
          27.7053658,
          42.652913
        ]
      },
      "id": "node/13026284322"
    },
    {
      "type": "Feature",
      "properties": {
        "@id": "node/13026284325",
        "amenity": "vending_machine",
        "vending": "coffee"
      },
      "geometry": {
        "type": "Point",
        "coordinates": [
          27.7051285,
          42.6530887
        ]
      },
      "id": "node/13026284325"
    },
    {
      "type": "Feature",
      "properties": {
        "@id": "node/13041030572",
        "amenity": "vending_machine",
        "indoor": "yes",
        "vending": "drinks"
      },
      "geometry": {
        "type": "Point",
        "coordinates": [
          24.6144113,
          43.4208068
        ]
      },
      "id": "node/13041030572"
    },
    {
      "type": "Feature",
      "properties": {
        "@id": "node/13041034552",
        "amenity": "vending_machine",
        "indoor": "yes",
        "vending": "coffee"
      },
      "geometry": {
        "type": "Point",
        "coordinates": [
          24.6145219,
          43.4208077
        ]
      },
      "id": "node/13041034552"
    },
    {
      "type": "Feature",
      "properties": {
        "@id": "node/13041045627",
        "amenity": "vending_machine",
        "indoor": "yes",
        "vending": "public_transport_tickets"
      },
      "geometry": {
        "type": "Point",
        "coordinates": [
          24.6145432,
          43.4207322
        ]
      },
      "id": "node/13041045627"
    },
    {
      "type": "Feature",
      "properties": {
        "@id": "node/13045667702",
        "amenity": "vending_machine",
        "vending": "coffee"
      },
      "geometry": {
        "type": "Point",
        "coordinates": [
          27.6899242,
          42.6514781
        ]
      },
      "id": "node/13045667702"
    },
    {
      "type": "Feature",
      "properties": {
        "@id": "node/13045667703",
        "amenity": "vending_machine",
        "vending": "coffee"
      },
      "geometry": {
        "type": "Point",
        "coordinates": [
          27.690057,
          42.6515018
        ]
      },
      "id": "node/13045667703"
    },
    {
      "type": "Feature",
      "properties": {
        "@id": "node/13045667708",
        "amenity": "vending_machine",
        "vending": "coffee"
      },
      "geometry": {
        "type": "Point",
        "coordinates": [
          27.6916167,
          42.6518766
        ]
      },
      "id": "node/13045667708"
    },
    {
      "type": "Feature",
      "properties": {
        "@id": "node/13045667710",
        "amenity": "vending_machine",
        "vending": "coffee"
      },
      "geometry": {
        "type": "Point",
        "coordinates": [
          27.6919989,
          42.6522056
        ]
      },
      "id": "node/13045667710"
    },
    {
      "type": "Feature",
      "properties": {
        "@id": "node/13045684987",
        "amenity": "vending_machine",
        "vending": "coffee"
      },
      "geometry": {
        "type": "Point",
        "coordinates": [
          27.6907918,
          42.6518066
        ]
      },
      "id": "node/13045684987"
    },
    {
      "type": "Feature",
      "properties": {
        "@id": "node/13054589673",
        "amenity": "vending_machine",
        "vending": "coffee"
      },
      "geometry": {
        "type": "Point",
        "coordinates": [
          27.6778696,
          42.6439382
        ]
      },
      "id": "node/13054589673"
    },
    {
      "type": "Feature",
      "properties": {
        "@id": "node/13054589674",
        "amenity": "vending_machine",
        "vending": "coffee"
      },
      "geometry": {
        "type": "Point",
        "coordinates": [
          27.6822966,
          42.6470519
        ]
      },
      "id": "node/13054589674"
    },
    {
      "type": "Feature",
      "properties": {
        "@id": "node/13054589675",
        "amenity": "vending_machine",
        "vending": "coffee"
      },
      "geometry": {
        "type": "Point",
        "coordinates": [
          27.682717,
          42.6475062
        ]
      },
      "id": "node/13054589675"
    },
    {
      "type": "Feature",
      "properties": {
        "@id": "node/13056106501",
        "amenity": "vending_machine"
      },
      "geometry": {
        "type": "Point",
        "coordinates": [
          24.5941501,
          43.4255371
        ]
      },
      "id": "node/13056106501"
    },
    {
      "type": "Feature",
      "properties": {
        "@id": "node/13057491229",
        "amenity": "vending_machine",
        "covered": "yes",
        "location": "outdoor"
      },
      "geometry": {
        "type": "Point",
        "coordinates": [
          23.2498053,
          42.6655967
        ]
      },
      "id": "node/13057491229"
    },
    {
      "type": "Feature",
      "properties": {
        "@id": "node/13064735683",
        "amenity": "vending_machine",
        "brand": "Lavazza",
        "brand:wikidata": "Q543750",
        "covered": "yes",
        "name": "Lavazza",
        "operator": "Lavazza",
        "vending": "coffee"
      },
      "geometry": {
        "type": "Point",
        "coordinates": [
          25.6330981,
          42.419878
        ]
      },
      "id": "node/13064735683"
    },
    {
      "type": "Feature",
      "properties": {
        "@id": "node/13064735684",
        "amenity": "vending_machine",
        "brand": "Lavazza",
        "brand:wikidata": "Q543750",
        "covered": "yes",
        "name": "Lavazza",
        "operator": "Lavazza",
        "vending": "coffee"
      },
      "geometry": {
        "type": "Point",
        "coordinates": [
          25.633019,
          42.4198746
        ]
      },
      "id": "node/13064735684"
    },
    {
      "type": "Feature",
      "properties": {
        "@id": "node/13064735685",
        "amenity": "vending_machine",
        "covered": "yes",
        "vending": "coffee"
      },
      "geometry": {
        "type": "Point",
        "coordinates": [
          25.6327937,
          42.4197671
        ]
      },
      "id": "node/13064735685"
    },
    {
      "type": "Feature",
      "properties": {
        "@id": "node/13064735686",
        "amenity": "vending_machine",
        "covered": "yes",
        "vending": "food"
      },
      "geometry": {
        "type": "Point",
        "coordinates": [
          25.6327964,
          42.4197592
        ]
      },
      "id": "node/13064735686"
    },
    {
      "type": "Feature",
      "properties": {
        "@id": "node/13064735687",
        "amenity": "vending_machine",
        "covered": "yes",
        "vending": "food"
      },
      "geometry": {
        "type": "Point",
        "coordinates": [
          25.6327986,
          42.4197519
        ]
      },
      "id": "node/13064735687"
    },
    {
      "type": "Feature",
      "properties": {
        "@id": "node/13064758793",
        "amenity": "vending_machine",
        "vending": "coffee"
      },
      "geometry": {
        "type": "Point",
        "coordinates": [
          27.6883815,
          42.6493815
        ]
      },
      "id": "node/13064758793"
    },
    {
      "type": "Feature",
      "properties": {
        "@id": "node/13064758794",
        "amenity": "vending_machine",
        "vending": "drinks"
      },
      "geometry": {
        "type": "Point",
        "coordinates": [
          27.6884117,
          42.6494126
        ]
      },
      "id": "node/13064758794"
    },
    {
      "type": "Feature",
      "properties": {
        "@id": "node/13064766530",
        "amenity": "vending_machine",
        "brand": "Lavazza",
        "brand:wikidata": "Q543750",
        "name": "Lavazza",
        "operator": "Lavazza",
        "vending": "coffee"
      },
      "geometry": {
        "type": "Point",
        "coordinates": [
          27.6420128,
          42.5585371
        ]
      },
      "id": "node/13064766530"
    },
    {
      "type": "Feature",
      "properties": {
        "@id": "node/13064772352",
        "amenity": "vending_machine",
        "brand": "Lavazza",
        "brand:wikidata": "Q543750",
        "name": "Lavazza",
        "operator": "Lavazza",
        "vending": "coffee"
      },
      "geometry": {
        "type": "Point",
        "coordinates": [
          27.4737401,
          42.490289
        ]
      },
      "id": "node/13064772352"
    },
    {
      "type": "Feature",
      "properties": {
        "@id": "node/13068420951",
        "amenity": "vending_machine",
        "food": "snacks",
        "vending": "food"
      },
      "geometry": {
        "type": "Point",
        "coordinates": [
          23.7864146,
          42.9024395
        ]
      },
      "id": "node/13068420951"
    },
    {
      "type": "Feature",
      "properties": {
        "@id": "node/13068420956",
        "amenity": "vending_machine",
        "vending": "coffee"
      },
      "geometry": {
        "type": "Point",
        "coordinates": [
          23.7864218,
          42.9024256
        ]
      },
      "id": "node/13068420956"
    },
    {
      "type": "Feature",
      "properties": {
        "@id": "node/13068420966",
        "amenity": "vending_machine",
        "food": "snacks",
        "vending": "food"
      },
      "geometry": {
        "type": "Point",
        "coordinates": [
          23.7864272,
          42.902409
        ]
      },
      "id": "node/13068420966"
    },
    {
      "type": "Feature",
      "properties": {
        "@id": "node/13070522918",
        "amenity": "vending_machine",
        "food": "snacks",
        "level": "-1",
        "vending": "food"
      },
      "geometry": {
        "type": "Point",
        "coordinates": [
          23.3209687,
          42.6832207
        ]
      },
      "id": "node/13070522918"
    },
    {
      "type": "Feature",
      "properties": {
        "@id": "node/13070528473",
        "amenity": "vending_machine",
        "level": "-1",
        "vending": "drinks"
      },
      "geometry": {
        "type": "Point",
        "coordinates": [
          23.3209702,
          42.6832149
        ]
      },
      "id": "node/13070528473"
    },
    {
      "type": "Feature",
      "properties": {
        "@id": "node/13072083482",
        "amenity": "vending_machine",
        "brand": "Мандра Равно поле",
        "operator": "Милк Шоп Еоод",
        "payment:coins": "yes",
        "payment:contactless": "yes",
        "payment:google_pay": "yes",
        "payment:notes": "yes",
        "vending": "food;milk"
      },
      "geometry": {
        "type": "Point",
        "coordinates": [
          23.3194019,
          42.6683422
        ]
      },
      "id": "node/13072083482"
    },
    {
      "type": "Feature",
      "properties": {
        "@id": "node/13072087577",
        "amenity": "vending_machine",
        "vending": "coffee"
      },
      "geometry": {
        "type": "Point",
        "coordinates": [
          23.3194071,
          42.6683542
        ]
      },
      "id": "node/13072087577"
    },
    {
      "type": "Feature",
      "properties": {
        "@id": "node/13072088106",
        "amenity": "vending_machine",
        "food": "snacks",
        "vending": "food;drinks"
      },
      "geometry": {
        "type": "Point",
        "coordinates": [
          23.3194105,
          42.6683656
        ]
      },
      "id": "node/13072088106"
    },
    {
      "type": "Feature",
      "properties": {
        "@id": "node/13084119993",
        "amenity": "vending_machine",
        "vending": "coffee"
      },
      "geometry": {
        "type": "Point",
        "coordinates": [
          23.3188658,
          42.7103365
        ]
      },
      "id": "node/13084119993"
    },
    {
      "type": "Feature",
      "properties": {
        "@id": "node/13091983414",
        "amenity": "vending_machine",
        "check_date": "2025-08-22",
        "operator": "Elinor",
        "vending": "flowers"
      },
      "geometry": {
        "type": "Point",
        "coordinates": [
          23.2907463,
          42.667817
        ]
      },
      "id": "node/13091983414"
    },
    {
      "type": "Feature",
      "properties": {
        "@id": "node/13094049723",
        "access": "customers",
        "amenity": "vending_machine",
        "fee": "no",
        "operator": "Reina del Mar",
        "vending": "drinks"
      },
      "geometry": {
        "type": "Point",
        "coordinates": [
          27.8820648,
          42.8290539
        ]
      },
      "id": "node/13094049723"
    },
    {
      "type": "Feature",
      "properties": {
        "@id": "node/13103174201",
        "amenity": "vending_machine",
        "vending": "coffee"
      },
      "geometry": {
        "type": "Point",
        "coordinates": [
          23.9213794,
          43.1545091
        ]
      },
      "id": "node/13103174201"
    },
    {
      "type": "Feature",
      "properties": {
        "@id": "node/13105510969",
        "amenity": "vending_machine",
        "vending": "public_transport_tickets"
      },
      "geometry": {
        "type": "Point",
        "coordinates": [
          23.3217078,
          42.7103567
        ]
      },
      "id": "node/13105510969"
    },
    {
      "type": "Feature",
      "properties": {
        "@id": "node/13105533145",
        "amenity": "vending_machine",
        "vending": "public_transport_tickets"
      },
      "geometry": {
        "type": "Point",
        "coordinates": [
          23.3216838,
          42.7103202
        ]
      },
      "id": "node/13105533145"
    },
    {
      "type": "Feature",
      "properties": {
        "@id": "node/13105544115",
        "amenity": "vending_machine",
        "vending": "public_transport_tickets"
      },
      "geometry": {
        "type": "Point",
        "coordinates": [
          23.3125093,
          42.7144294
        ]
      },
      "id": "node/13105544115"
    },
    {
      "type": "Feature",
      "properties": {
        "@id": "node/13105562552",
        "amenity": "vending_machine",
        "level": "-1",
        "vending": "public_transport_tickets"
      },
      "geometry": {
        "type": "Point",
        "coordinates": [
          23.313442,
          42.7140158
        ]
      },
      "id": "node/13105562552"
    },
    {
      "type": "Feature",
      "properties": {
        "@id": "node/13108129290",
        "amenity": "vending_machine",
        "check_date": "2025-08-25",
        "location": "indoor",
        "vending": "coffee"
      },
      "geometry": {
        "type": "Point",
        "coordinates": [
          23.2818167,
          42.6797836
        ]
      },
      "id": "node/13108129290"
    },
    {
      "type": "Feature",
      "properties": {
        "@id": "node/13112312461",
        "amenity": "vending_machine",
        "level": "-2",
        "operator": "Метрополитен",
        "operator:wikidata": "Q234707",
        "payment:cards": "no",
        "payment:coins": "yes",
        "payment:notes": "yes",
        "vending": "public_transport_tickets"
      },
      "geometry": {
        "type": "Point",
        "coordinates": [
          23.3239788,
          42.7052978
        ]
      },
      "id": "node/13112312461"
    },
    {
      "type": "Feature",
      "properties": {
        "@id": "node/13112323516",
        "amenity": "vending_machine",
        "level": "-2",
        "operator": "Метрополитен",
        "operator:wikidata": "Q234707",
        "payment:cards": "no",
        "payment:coins": "yes",
        "payment:notes": "yes",
        "vending": "public_transport_tickets"
      },
      "geometry": {
        "type": "Point",
        "coordinates": [
          23.3238587,
          42.705244
        ]
      },
      "id": "node/13112323516"
    },
    {
      "type": "Feature",
      "properties": {
        "@id": "node/13112327424",
        "amenity": "vending_machine",
        "level": "-2",
        "operator": "Метрополитен",
        "operator:wikidata": "Q234707",
        "payment:cards": "no",
        "payment:coins": "yes",
        "payment:notes": "yes",
        "vending": "public_transport_tickets"
      },
      "geometry": {
        "type": "Point",
        "coordinates": [
          23.3238937,
          42.705246
        ]
      },
      "id": "node/13112327424"
    },
    {
      "type": "Feature",
      "properties": {
        "@id": "node/13112331109",
        "amenity": "vending_machine",
        "level": "-2",
        "operator": "Метрополитен",
        "operator:wikidata": "Q234707",
        "payment:cards": "no",
        "payment:coins": "yes",
        "payment:notes": "yes",
        "vending": "public_transport_tickets"
      },
      "geometry": {
        "type": "Point",
        "coordinates": [
          23.3237838,
          42.705302
        ]
      },
      "id": "node/13112331109"
    },
    {
      "type": "Feature",
      "properties": {
        "@id": "node/13114649030",
        "amenity": "vending_machine",
        "check_date": "2025-09-02",
        "vending": "coffee"
      },
      "geometry": {
        "type": "Point",
        "coordinates": [
          23.3004864,
          42.6666874
        ]
      },
      "id": "node/13114649030"
    },
    {
      "type": "Feature",
      "properties": {
        "@id": "node/13116025516",
        "amenity": "vending_machine",
        "level": "-1",
        "operator": "Метрополитен",
        "operator:wikidata": "Q234707",
        "payment:cards": "no",
        "payment:coins": "yes",
        "payment:notes": "yes",
        "vending": "public_transport_tickets"
      },
      "geometry": {
        "type": "Point",
        "coordinates": [
          23.4021684,
          42.668136
        ]
      },
      "id": "node/13116025516"
    },
    {
      "type": "Feature",
      "properties": {
        "@id": "node/13116034181",
        "amenity": "vending_machine",
        "level": "-1",
        "operator": "Метрополитен",
        "operator:wikidata": "Q234707",
        "payment:cards": "no",
        "payment:coins": "yes",
        "payment:notes": "yes",
        "vending": "public_transport_tickets"
      },
      "geometry": {
        "type": "Point",
        "coordinates": [
          23.4020729,
          42.668166
        ]
      },
      "id": "node/13116034181"
    },
    {
      "type": "Feature",
      "properties": {
        "@id": "node/13118735902",
        "amenity": "vending_machine",
        "check_date": "2025-09-03",
        "vending": "flowers"
      },
      "geometry": {
        "type": "Point",
        "coordinates": [
          23.3083459,
          42.6807175
        ]
      },
      "id": "node/13118735902"
    },
    {
      "type": "Feature",
      "properties": {
        "@id": "node/13119029859",
        "amenity": "vending_machine",
        "level": "-1",
        "operator": "Метрополитен",
        "operator:wikidata": "Q234707",
        "payment:cards": "no",
        "payment:coins": "yes",
        "payment:notes": "yes",
        "vending": "public_transport_tickets"
      },
      "geometry": {
        "type": "Point",
        "coordinates": [
          23.4027178,
          42.669269
        ]
      },
      "id": "node/13119029859"
    },
    {
      "type": "Feature",
      "properties": {
        "@id": "node/13119055233",
        "amenity": "vending_machine",
        "level": "-1",
        "operator": "Метрополитен",
        "operator:wikidata": "Q234707",
        "payment:cards": "no",
        "payment:coins": "yes",
        "payment:notes": "yes",
        "vending": "public_transport_tickets"
      },
      "geometry": {
        "type": "Point",
        "coordinates": [
          23.4028152,
          42.6692406
        ]
      },
      "id": "node/13119055233"
    },
    {
      "type": "Feature",
      "properties": {
        "@id": "node/13125669160",
        "amenity": "vending_machine",
        "payment:coins": "yes",
        "vending": "coffee"
      },
      "geometry": {
        "type": "Point",
        "coordinates": [
          24.027566,
          41.5885082
        ]
      },
      "id": "node/13125669160"
    },
    {
      "type": "Feature",
      "properties": {
        "@id": "node/13125669161",
        "amenity": "vending_machine",
        "payment:coins": "yes",
        "vending": "coffee"
      },
      "geometry": {
        "type": "Point",
        "coordinates": [
          24.0268839,
          41.5868649
        ]
      },
      "id": "node/13125669161"
    },
    {
      "type": "Feature",
      "properties": {
        "@id": "node/13130444967",
        "amenity": "vending_machine",
        "check_date": "2026-05-15",
        "food": "snacks",
        "vending": "food"
      },
      "geometry": {
        "type": "Point",
        "coordinates": [
          23.3729861,
          42.6675891
        ]
      },
      "id": "node/13130444967"
    },
    {
      "type": "Feature",
      "properties": {
        "@id": "node/13130457551",
        "amenity": "vending_machine",
        "check_date": "2026-05-15",
        "vending": "drinks"
      },
      "geometry": {
        "type": "Point",
        "coordinates": [
          23.3730318,
          42.6675651
        ]
      },
      "id": "node/13130457551"
    },
    {
      "type": "Feature",
      "properties": {
        "@id": "node/13136879554",
        "amenity": "vending_machine",
        "vending": "coffee"
      },
      "geometry": {
        "type": "Point",
        "coordinates": [
          24.7127808,
          42.8887351
        ]
      },
      "id": "node/13136879554"
    },
    {
      "type": "Feature",
      "properties": {
        "@id": "node/13137172283",
        "amenity": "vending_machine",
        "vending": "drinks"
      },
      "geometry": {
        "type": "Point",
        "coordinates": [
          24.7127803,
          42.8887255
        ]
      },
      "id": "node/13137172283"
    },
    {
      "type": "Feature",
      "properties": {
        "@id": "node/13137172284",
        "amenity": "vending_machine",
        "vending": "coffee"
      },
      "geometry": {
        "type": "Point",
        "coordinates": [
          24.7127797,
          42.8887159
        ]
      },
      "id": "node/13137172284"
    },
    {
      "type": "Feature",
      "properties": {
        "@id": "node/13137219154",
        "amenity": "vending_machine",
        "vending": "coffee"
      },
      "geometry": {
        "type": "Point",
        "coordinates": [
          24.7130424,
          42.8893546
        ]
      },
      "id": "node/13137219154"
    },
    {
      "type": "Feature",
      "properties": {
        "@id": "node/13140593334",
        "amenity": "vending_machine",
        "vending": "drinks"
      },
      "geometry": {
        "type": "Point",
        "coordinates": [
          22.9519987,
          42.6363041
        ]
      },
      "id": "node/13140593334"
    },
    {
      "type": "Feature",
      "properties": {
        "@id": "node/13154178646",
        "amenity": "vending_machine",
        "image": "https://photos.app.goo.gl/RUonBVVryx8rX5bf6",
        "vending": "elongated_coin"
      },
      "geometry": {
        "type": "Point",
        "coordinates": [
          27.6933989,
          42.421899
        ]
      },
      "id": "node/13154178646"
    },
    {
      "type": "Feature",
      "properties": {
        "@id": "node/13168897192",
        "amenity": "vending_machine",
        "vending": "coffee"
      },
      "geometry": {
        "type": "Point",
        "coordinates": [
          26.4462846,
          42.8857444
        ]
      },
      "id": "node/13168897192"
    },
    {
      "type": "Feature",
      "properties": {
        "@id": "node/13168914146",
        "amenity": "vending_machine",
        "vending": "coffee"
      },
      "geometry": {
        "type": "Point",
        "coordinates": [
          26.4462181,
          42.885953
        ]
      },
      "id": "node/13168914146"
    },
    {
      "type": "Feature",
      "properties": {
        "@id": "node/13206659370",
        "amenity": "vending_machine",
        "check_date": "2025-10-10",
        "operator": "Elinor",
        "vending": "flowers"
      },
      "geometry": {
        "type": "Point",
        "coordinates": [
          23.2878109,
          42.6514586
        ]
      },
      "id": "node/13206659370"
    },
    {
      "type": "Feature",
      "properties": {
        "@id": "node/13207145481",
        "amenity": "vending_machine",
        "vending": "coffee"
      },
      "geometry": {
        "type": "Point",
        "coordinates": [
          23.2862585,
          42.6776104
        ]
      },
      "id": "node/13207145481"
    },
    {
      "type": "Feature",
      "properties": {
        "@id": "node/13250628906",
        "amenity": "vending_machine",
        "vending": "coffee"
      },
      "geometry": {
        "type": "Point",
        "coordinates": [
          24.7691935,
          42.1411779
        ]
      },
      "id": "node/13250628906"
    },
    {
      "type": "Feature",
      "properties": {
        "@id": "node/13250629547",
        "amenity": "vending_machine",
        "vending": "coffee"
      },
      "geometry": {
        "type": "Point",
        "coordinates": [
          24.7710843,
          42.1409995
        ]
      },
      "id": "node/13250629547"
    },
    {
      "type": "Feature",
      "properties": {
        "@id": "node/13256671117",
        "amenity": "vending_machine",
        "indoor": "no",
        "payment:coins": "yes",
        "vending": "coffee"
      },
      "geometry": {
        "type": "Point",
        "coordinates": [
          27.916413,
          43.216694
        ]
      },
      "id": "node/13256671117"
    },
    {
      "type": "Feature",
      "properties": {
        "@id": "node/13257410294",
        "amenity": "vending_machine",
        "indoor": "no",
        "operator": "Sigma",
        "vending": "chemist"
      },
      "geometry": {
        "type": "Point",
        "coordinates": [
          23.4870895,
          41.8437494
        ]
      },
      "id": "node/13257410294"
    },
    {
      "type": "Feature",
      "properties": {
        "@id": "node/13264860456",
        "amenity": "vending_machine",
        "indoor": "yes",
        "level": "1"
      },
      "geometry": {
        "type": "Point",
        "coordinates": [
          23.4137362,
          42.6908667
        ]
      },
      "id": "node/13264860456"
    },
    {
      "type": "Feature",
      "properties": {
        "@id": "node/13270643427",
        "amenity": "vending_machine",
        "check_date": "2025-10-30",
        "mapillary": "744164191404859",
        "vending": "coffee"
      },
      "geometry": {
        "type": "Point",
        "coordinates": [
          23.3217853,
          42.6985656
        ]
      },
      "id": "node/13270643427"
    },
    {
      "type": "Feature",
      "properties": {
        "@id": "node/13285669011",
        "amenity": "vending_machine",
        "check_date": "2025-11-07",
        "count": "2",
        "operator": "Lidl",
        "source": "MAF;survey",
        "vending": "bottle_return"
      },
      "geometry": {
        "type": "Point",
        "coordinates": [
          23.2466117,
          42.6898262
        ]
      },
      "id": "node/13285669011"
    },
    {
      "type": "Feature",
      "properties": {
        "@id": "node/13286881432",
        "amenity": "vending_machine",
        "description": "всички стъклени опаковки",
        "indoor": "yes",
        "opening_hours": "Sa-Su 10:00-14:00",
        "operator": "Еко Пойнт",
        "vending": "bottle_return"
      },
      "geometry": {
        "type": "Point",
        "coordinates": [
          23.3153375,
          42.6603139
        ]
      },
      "id": "node/13286881432"
    },
    {
      "type": "Feature",
      "properties": {
        "@id": "node/13287697939",
        "amenity": "vending_machine",
        "check_date": "2025-11-07",
        "vending": "coffee"
      },
      "geometry": {
        "type": "Point",
        "coordinates": [
          23.2429527,
          42.6831855
        ]
      },
      "id": "node/13287697939"
    },
    {
      "type": "Feature",
      "properties": {
        "@id": "node/13287697940",
        "amenity": "vending_machine",
        "check_date": "2025-11-07",
        "vending": "food"
      },
      "geometry": {
        "type": "Point",
        "coordinates": [
          23.242964,
          42.6831805
        ]
      },
      "id": "node/13287697940"
    },
    {
      "type": "Feature",
      "properties": {
        "@id": "node/13289195031",
        "amenity": "vending_machine",
        "brand": "Lucaffe",
        "check_date": "2025-11-08",
        "vending": "coffee"
      },
      "geometry": {
        "type": "Point",
        "coordinates": [
          23.2904426,
          42.6663957
        ]
      },
      "id": "node/13289195031"
    },
    {
      "type": "Feature",
      "properties": {
        "@id": "node/13304406442",
        "amenity": "vending_machine",
        "vending": "coffee"
      },
      "geometry": {
        "type": "Point",
        "coordinates": [
          24.7514425,
          42.1399604
        ]
      },
      "id": "node/13304406442"
    },
    {
      "type": "Feature",
      "properties": {
        "@id": "node/13304429546",
        "amenity": "vending_machine",
        "indoor": "no",
        "vending": "coffee"
      },
      "geometry": {
        "type": "Point",
        "coordinates": [
          24.7503771,
          42.1393341
        ]
      },
      "id": "node/13304429546"
    },
    {
      "type": "Feature",
      "properties": {
        "@id": "node/13304454502",
        "amenity": "vending_machine",
        "vending": "coffee"
      },
      "geometry": {
        "type": "Point",
        "coordinates": [
          24.7469761,
          42.1395748
        ]
      },
      "id": "node/13304454502"
    },
    {
      "type": "Feature",
      "properties": {
        "@id": "node/13304468020",
        "amenity": "vending_machine",
        "indoor": "no",
        "vending": "coffee"
      },
      "geometry": {
        "type": "Point",
        "coordinates": [
          24.745845,
          42.1395971
        ]
      },
      "id": "node/13304468020"
    },
    {
      "type": "Feature",
      "properties": {
        "@id": "node/13306261073",
        "amenity": "vending_machine"
      },
      "geometry": {
        "type": "Point",
        "coordinates": [
          24.7961915,
          42.1356509
        ]
      },
      "id": "node/13306261073"
    },
    {
      "type": "Feature",
      "properties": {
        "@id": "node/13306302517",
        "amenity": "vending_machine",
        "vending": "coffee"
      },
      "geometry": {
        "type": "Point",
        "coordinates": [
          24.796237,
          42.1360512
        ]
      },
      "id": "node/13306302517"
    },
    {
      "type": "Feature",
      "properties": {
        "@id": "node/13306303687",
        "amenity": "vending_machine",
        "vending": "coffee"
      },
      "geometry": {
        "type": "Point",
        "coordinates": [
          24.7964419,
          42.1364116
        ]
      },
      "id": "node/13306303687"
    },
    {
      "type": "Feature",
      "properties": {
        "@id": "node/13306341301",
        "amenity": "vending_machine",
        "vending": "coffee"
      },
      "geometry": {
        "type": "Point",
        "coordinates": [
          24.7965305,
          42.1369371
        ]
      },
      "id": "node/13306341301"
    },
    {
      "type": "Feature",
      "properties": {
        "@id": "node/13306446094",
        "amenity": "vending_machine"
      },
      "geometry": {
        "type": "Point",
        "coordinates": [
          24.7559329,
          42.1419698
        ]
      },
      "id": "node/13306446094"
    },
    {
      "type": "Feature",
      "properties": {
        "@id": "node/13306475484",
        "amenity": "vending_machine",
        "level": "0",
        "vending": "coffee"
      },
      "geometry": {
        "type": "Point",
        "coordinates": [
          24.7556853,
          42.1415316
        ]
      },
      "id": "node/13306475484"
    },
    {
      "type": "Feature",
      "properties": {
        "@id": "node/13306499917",
        "amenity": "vending_machine"
      },
      "geometry": {
        "type": "Point",
        "coordinates": [
          24.7557059,
          42.1415336
        ]
      },
      "id": "node/13306499917"
    },
    {
      "type": "Feature",
      "properties": {
        "@id": "node/13306514687",
        "amenity": "vending_machine",
        "indoor": "no",
        "vending": "coffee"
      },
      "geometry": {
        "type": "Point",
        "coordinates": [
          24.7525313,
          42.1412241
        ]
      },
      "id": "node/13306514687"
    },
    {
      "type": "Feature",
      "properties": {
        "@id": "node/13306928903",
        "amenity": "vending_machine",
        "vending": "coffee"
      },
      "geometry": {
        "type": "Point",
        "coordinates": [
          24.7545636,
          42.1420459
        ]
      },
      "id": "node/13306928903"
    },
    {
      "type": "Feature",
      "properties": {
        "@id": "node/13306931891",
        "amenity": "vending_machine",
        "vending": "parking_tickets"
      },
      "geometry": {
        "type": "Point",
        "coordinates": [
          24.7544021,
          42.1419358
        ]
      },
      "id": "node/13306931891"
    },
    {
      "type": "Feature",
      "properties": {
        "@id": "node/13306938422",
        "amenity": "vending_machine",
        "vending": "coffee"
      },
      "geometry": {
        "type": "Point",
        "coordinates": [
          24.7551972,
          42.1421371
        ]
      },
      "id": "node/13306938422"
    },
    {
      "type": "Feature",
      "properties": {
        "@id": "node/13307709368",
        "amenity": "vending_machine",
        "vending": "coffee"
      },
      "geometry": {
        "type": "Point",
        "coordinates": [
          23.3169904,
          42.6694142
        ]
      },
      "id": "node/13307709368"
    },
    {
      "type": "Feature",
      "properties": {
        "@id": "node/13308200656",
        "amenity": "vending_machine",
        "brand": "Мандра Равно поле",
        "operator": "Милк Шоп Еоод",
        "payment:coins": "yes",
        "payment:contactless": "yes",
        "payment:google_pay": "yes",
        "payment:notes": "yes",
        "vending": "food;milk"
      },
      "geometry": {
        "type": "Point",
        "coordinates": [
          23.3210877,
          42.670658
        ]
      },
      "id": "node/13308200656"
    },
    {
      "type": "Feature",
      "properties": {
        "@id": "node/13310440315",
        "amenity": "vending_machine",
        "vending": "coffee"
      },
      "geometry": {
        "type": "Point",
        "coordinates": [
          24.7484084,
          42.1224513
        ]
      },
      "id": "node/13310440315"
    },
    {
      "type": "Feature",
      "properties": {
        "@id": "node/13310440323",
        "amenity": "vending_machine",
        "vending": "coffee"
      },
      "geometry": {
        "type": "Point",
        "coordinates": [
          24.7461165,
          42.124576
        ]
      },
      "id": "node/13310440323"
    },
    {
      "type": "Feature",
      "properties": {
        "@id": "node/13317375698",
        "amenity": "vending_machine",
        "vending": "coffee"
      },
      "geometry": {
        "type": "Point",
        "coordinates": [
          24.7454422,
          42.135986
        ]
      },
      "id": "node/13317375698"
    },
    {
      "type": "Feature",
      "properties": {
        "@id": "node/13319666103",
        "amenity": "vending_machine",
        "vending": "coffee"
      },
      "geometry": {
        "type": "Point",
        "coordinates": [
          24.744235,
          42.1426819
        ]
      },
      "id": "node/13319666103"
    },
    {
      "type": "Feature",
      "properties": {
        "@id": "node/13319688010",
        "amenity": "vending_machine",
        "indoor": "no",
        "vending": "coffee"
      },
      "geometry": {
        "type": "Point",
        "coordinates": [
          24.7479097,
          42.1441849
        ]
      },
      "id": "node/13319688010"
    },
    {
      "type": "Feature",
      "properties": {
        "@id": "node/13319693424",
        "amenity": "vending_machine",
        "vending": "coffee"
      },
      "geometry": {
        "type": "Point",
        "coordinates": [
          24.7362409,
          42.1645419
        ]
      },
      "id": "node/13319693424"
    },
    {
      "type": "Feature",
      "properties": {
        "@id": "node/13321547063",
        "amenity": "vending_machine",
        "vending": "coffee"
      },
      "geometry": {
        "type": "Point",
        "coordinates": [
          27.474547,
          42.4964025
        ]
      },
      "id": "node/13321547063"
    },
    {
      "type": "Feature",
      "properties": {
        "@id": "node/13321550886",
        "amenity": "vending_machine",
        "vending": "coffee"
      },
      "geometry": {
        "type": "Point",
        "coordinates": [
          25.6575658,
          42.4278777
        ]
      },
      "id": "node/13321550886"
    },
    {
      "type": "Feature",
      "properties": {
        "@id": "node/13323806884",
        "amenity": "vending_machine",
        "indoor": "no",
        "vending": "coffee"
      },
      "geometry": {
        "type": "Point",
        "coordinates": [
          27.4786862,
          42.4988154
        ]
      },
      "id": "node/13323806884"
    },
    {
      "type": "Feature",
      "properties": {
        "@id": "node/13324929298",
        "amenity": "vending_machine",
        "vending": "coffee"
      },
      "geometry": {
        "type": "Point",
        "coordinates": [
          24.0308402,
          41.5854137
        ]
      },
      "id": "node/13324929298"
    },
    {
      "type": "Feature",
      "properties": {
        "@id": "node/13329865295",
        "amenity": "vending_machine",
        "vending": "coffee"
      },
      "geometry": {
        "type": "Point",
        "coordinates": [
          24.7508114,
          42.1236464
        ]
      },
      "id": "node/13329865295"
    },
    {
      "type": "Feature",
      "properties": {
        "@id": "node/13333734441",
        "amenity": "vending_machine",
        "vending": "coffee"
      },
      "geometry": {
        "type": "Point",
        "coordinates": [
          24.7515315,
          42.1309217
        ]
      },
      "id": "node/13333734441"
    },
    {
      "type": "Feature",
      "properties": {
        "@id": "node/13333745866",
        "amenity": "vending_machine",
        "vending": "coffee"
      },
      "geometry": {
        "type": "Point",
        "coordinates": [
          24.7517392,
          42.1321226
        ]
      },
      "id": "node/13333745866"
    },
    {
      "type": "Feature",
      "properties": {
        "@id": "node/13335986036",
        "amenity": "vending_machine",
        "indoor": "no",
        "vending": "coffee"
      },
      "geometry": {
        "type": "Point",
        "coordinates": [
          24.7357542,
          42.1409792
        ]
      },
      "id": "node/13335986036"
    },
    {
      "type": "Feature",
      "properties": {
        "@id": "node/13352172388",
        "amenity": "vending_machine",
        "vending": "coffee"
      },
      "geometry": {
        "type": "Point",
        "coordinates": [
          24.7524008,
          42.1443553
        ]
      },
      "id": "node/13352172388"
    },
    {
      "type": "Feature",
      "properties": {
        "@id": "node/13363467281",
        "amenity": "vending_machine",
        "vending": "coffee"
      },
      "geometry": {
        "type": "Point",
        "coordinates": [
          24.7409147,
          42.1352692
        ]
      },
      "id": "node/13363467281"
    },
    {
      "type": "Feature",
      "properties": {
        "@id": "node/13363486793",
        "amenity": "vending_machine",
        "food": "snacks",
        "vending": "food"
      },
      "geometry": {
        "type": "Point",
        "coordinates": [
          24.740956,
          42.1352741
        ]
      },
      "id": "node/13363486793"
    },
    {
      "type": "Feature",
      "properties": {
        "@id": "node/13374057750",
        "amenity": "vending_machine",
        "vending": "flowers"
      },
      "geometry": {
        "type": "Point",
        "coordinates": [
          23.3163128,
          42.6513772
        ]
      },
      "id": "node/13374057750"
    },
    {
      "type": "Feature",
      "properties": {
        "@id": "node/13374286888",
        "amenity": "vending_machine",
        "check_date": "2026-06-12",
        "vending": "coffee"
      },
      "geometry": {
        "type": "Point",
        "coordinates": [
          23.3033614,
          42.676867
        ]
      },
      "id": "node/13374286888"
    },
    {
      "type": "Feature",
      "properties": {
        "@id": "node/13383715896",
        "amenity": "vending_machine",
        "check_date": "2025-12-17",
        "source": "Esri world imagery;survey",
        "vending": "parking_tickets"
      },
      "geometry": {
        "type": "Point",
        "coordinates": [
          23.3215532,
          42.6996085
        ]
      },
      "id": "node/13383715896"
    },
    {
      "type": "Feature",
      "properties": {
        "@id": "node/13385770546",
        "amenity": "vending_machine",
        "vending": "coffee"
      },
      "geometry": {
        "type": "Point",
        "coordinates": [
          23.378954,
          42.6454924
        ]
      },
      "id": "node/13385770546"
    },
    {
      "type": "Feature",
      "properties": {
        "@id": "node/13385790445",
        "amenity": "vending_machine",
        "vending": "flowers"
      },
      "geometry": {
        "type": "Point",
        "coordinates": [
          23.3789163,
          42.6455073
        ]
      },
      "id": "node/13385790445"
    },
    {
      "type": "Feature",
      "properties": {
        "@id": "node/13391001081",
        "amenity": "vending_machine",
        "vending": "coffee"
      },
      "geometry": {
        "type": "Point",
        "coordinates": [
          24.7353317,
          42.1400773
        ]
      },
      "id": "node/13391001081"
    },
    {
      "type": "Feature",
      "properties": {
        "@id": "node/13391009531",
        "amenity": "vending_machine",
        "vending": "coffee"
      },
      "geometry": {
        "type": "Point",
        "coordinates": [
          24.7360245,
          42.1397536
        ]
      },
      "id": "node/13391009531"
    },
    {
      "type": "Feature",
      "properties": {
        "@id": "node/13395488061",
        "amenity": "vending_machine",
        "indoor": "no",
        "vending": "coffee"
      },
      "geometry": {
        "type": "Point",
        "coordinates": [
          24.7522226,
          42.1266223
        ]
      },
      "id": "node/13395488061"
    },
    {
      "type": "Feature",
      "properties": {
        "@id": "node/13395522469",
        "amenity": "vending_machine",
        "vending": "coffee"
      },
      "geometry": {
        "type": "Point",
        "coordinates": [
          24.7522603,
          42.1301243
        ]
      },
      "id": "node/13395522469"
    },
    {
      "type": "Feature",
      "properties": {
        "@id": "node/13401421119",
        "amenity": "vending_machine",
        "vending": "coffee"
      },
      "geometry": {
        "type": "Point",
        "coordinates": [
          27.4778291,
          42.4994424
        ]
      },
      "id": "node/13401421119"
    },
    {
      "type": "Feature",
      "properties": {
        "@id": "node/13415895677",
        "amenity": "vending_machine",
        "vending": "parking_tickets"
      },
      "geometry": {
        "type": "Point",
        "coordinates": [
          23.3937003,
          42.6480821
        ]
      },
      "id": "node/13415895677"
    },
    {
      "type": "Feature",
      "properties": {
        "@id": "node/13446152141",
        "amenity": "vending_machine",
        "vending": "drinks"
      },
      "geometry": {
        "type": "Point",
        "coordinates": [
          24.1008235,
          41.5727901
        ]
      },
      "id": "node/13446152141"
    },
    {
      "type": "Feature",
      "properties": {
        "@id": "node/13454287543",
        "amenity": "vending_machine",
        "payment:cash": "yes",
        "vending": "coffee"
      },
      "geometry": {
        "type": "Point",
        "coordinates": [
          27.9054109,
          43.2115773
        ]
      },
      "id": "node/13454287543"
    },
    {
      "type": "Feature",
      "properties": {
        "@id": "node/13454299648",
        "amenity": "vending_machine",
        "payment:cash": "yes",
        "vending": "coffee"
      },
      "geometry": {
        "type": "Point",
        "coordinates": [
          27.9803721,
          43.2186058
        ]
      },
      "id": "node/13454299648"
    },
    {
      "type": "Feature",
      "properties": {
        "@id": "node/13456196667",
        "amenity": "vending_machine",
        "vending": "coffee"
      },
      "geometry": {
        "type": "Point",
        "coordinates": [
          25.9576158,
          43.8348441
        ]
      },
      "id": "node/13456196667"
    },
    {
      "type": "Feature",
      "properties": {
        "@id": "node/13456209261",
        "amenity": "vending_machine",
        "vending": "coffee"
      },
      "geometry": {
        "type": "Point",
        "coordinates": [
          25.9578853,
          43.8349949
        ]
      },
      "id": "node/13456209261"
    },
    {
      "type": "Feature",
      "properties": {
        "@id": "node/13456224057",
        "amenity": "vending_machine",
        "vending": "coffee"
      },
      "geometry": {
        "type": "Point",
        "coordinates": [
          25.9579035,
          43.8350084
        ]
      },
      "id": "node/13456224057"
    },
    {
      "type": "Feature",
      "properties": {
        "@id": "node/13474464946",
        "amenity": "vending_machine",
        "vending": "parking_tickets"
      },
      "geometry": {
        "type": "Point",
        "coordinates": [
          24.7530393,
          42.1389343
        ]
      },
      "id": "node/13474464946"
    },
    {
      "type": "Feature",
      "properties": {
        "@id": "node/13481989664",
        "amenity": "vending_machine",
        "vending": "coffee"
      },
      "geometry": {
        "type": "Point",
        "coordinates": [
          24.7391396,
          42.1384988
        ]
      },
      "id": "node/13481989664"
    },
    {
      "type": "Feature",
      "properties": {
        "@id": "node/13514416910",
        "amenity": "vending_machine",
        "indoor": "yes"
      },
      "geometry": {
        "type": "Point",
        "coordinates": [
          23.3349602,
          42.6407324
        ]
      },
      "id": "node/13514416910"
    },
    {
      "type": "Feature",
      "properties": {
        "@id": "node/13589656257",
        "amenity": "vending_machine",
        "vending": "coffee"
      },
      "geometry": {
        "type": "Point",
        "coordinates": [
          24.7400751,
          42.141881
        ]
      },
      "id": "node/13589656257"
    },
    {
      "type": "Feature",
      "properties": {
        "@id": "node/13614672865",
        "amenity": "vending_machine",
        "vending": "parking_tickets"
      },
      "geometry": {
        "type": "Point",
        "coordinates": [
          24.7407527,
          42.1418169
        ]
      },
      "id": "node/13614672865"
    },
    {
      "type": "Feature",
      "properties": {
        "@id": "node/13619522101",
        "amenity": "vending_machine",
        "check_date": "2026-03-05",
        "covered": "yes",
        "currency:EUR": "yes",
        "indoor": "no",
        "operator": "Kaufland",
        "payment:cash": "yes",
        "vending": "coffee"
      },
      "geometry": {
        "type": "Point",
        "coordinates": [
          23.2580862,
          42.71067
        ]
      },
      "id": "node/13619522101"
    },
    {
      "type": "Feature",
      "properties": {
        "@id": "node/13647462097",
        "amenity": "vending_machine",
        "indoor": "no",
        "vending": "coffee"
      },
      "geometry": {
        "type": "Point",
        "coordinates": [
          24.2817896,
          43.1510124
        ]
      },
      "id": "node/13647462097"
    },
    {
      "type": "Feature",
      "properties": {
        "@id": "node/13647590205",
        "amenity": "vending_machine",
        "vending": "coffee"
      },
      "geometry": {
        "type": "Point",
        "coordinates": [
          24.1112828,
          42.3571694
        ]
      },
      "id": "node/13647590205"
    },
    {
      "type": "Feature",
      "properties": {
        "@id": "node/13655099925",
        "amenity": "vending_machine"
      },
      "geometry": {
        "type": "Point",
        "coordinates": [
          25.2549323,
          42.1057325
        ]
      },
      "id": "node/13655099925"
    },
    {
      "type": "Feature",
      "properties": {
        "@id": "node/13659387974",
        "amenity": "vending_machine",
        "vending": "coffee"
      },
      "geometry": {
        "type": "Point",
        "coordinates": [
          23.3519475,
          42.6992026
        ]
      },
      "id": "node/13659387974"
    },
    {
      "type": "Feature",
      "properties": {
        "@id": "node/13674713712",
        "amenity": "vending_machine",
        "vending": "coffee"
      },
      "geometry": {
        "type": "Point",
        "coordinates": [
          24.745243,
          42.1426404
        ]
      },
      "id": "node/13674713712"
    },
    {
      "type": "Feature",
      "properties": {
        "@id": "node/13674713904",
        "amenity": "vending_machine",
        "vending": "coffee"
      },
      "geometry": {
        "type": "Point",
        "coordinates": [
          24.7337282,
          42.1436159
        ]
      },
      "id": "node/13674713904"
    },
    {
      "type": "Feature",
      "properties": {
        "@id": "node/13681818122",
        "amenity": "vending_machine",
        "check_date": "2026-06-10",
        "count": "2",
        "covered": "yes",
        "source": "MAF;survey",
        "vending": "flowers"
      },
      "geometry": {
        "type": "Point",
        "coordinates": [
          23.2978926,
          42.6841057
        ]
      },
      "id": "node/13681818122"
    },
    {
      "type": "Feature",
      "properties": {
        "@id": "node/13682193866",
        "amenity": "vending_machine",
        "vending": "coffee"
      },
      "geometry": {
        "type": "Point",
        "coordinates": [
          23.3460544,
          42.656691
        ]
      },
      "id": "node/13682193866"
    },
    {
      "type": "Feature",
      "properties": {
        "@id": "node/13682194319",
        "amenity": "vending_machine",
        "vending": "coffee"
      },
      "geometry": {
        "type": "Point",
        "coordinates": [
          23.3407432,
          42.648288
        ]
      },
      "id": "node/13682194319"
    },
    {
      "type": "Feature",
      "properties": {
        "@id": "node/13712059937",
        "amenity": "vending_machine",
        "currency:EUR": "yes",
        "payment:coins": "yes",
        "vending": "coffee"
      },
      "geometry": {
        "type": "Point",
        "coordinates": [
          25.2090367,
          42.1429791
        ]
      },
      "id": "node/13712059937"
    },
    {
      "type": "Feature",
      "properties": {
        "@id": "node/13740334058",
        "amenity": "vending_machine",
        "currency:EUR": "yes",
        "drink:coffee": "yes",
        "vending": "drinks"
      },
      "geometry": {
        "type": "Point",
        "coordinates": [
          24.7413446,
          42.124335
        ]
      },
      "id": "node/13740334058"
    },
    {
      "type": "Feature",
      "properties": {
        "@id": "node/13746245443",
        "amenity": "vending_machine",
        "check_date": "2026-04-20",
        "operator": "Соник 96",
        "vending": "orange_juice"
      },
      "geometry": {
        "type": "Point",
        "coordinates": [
          23.2732047,
          42.6707897
        ]
      },
      "id": "node/13746245443"
    },
    {
      "type": "Feature",
      "properties": {
        "@id": "node/13752820550",
        "amenity": "vending_machine",
        "check_date": "2026-07-05",
        "currency:EUR": "yes",
        "level": "0",
        "payment:cards": "no",
        "payment:cash": "yes",
        "payment:coins": "yes",
        "payment:credit_cards": "no",
        "payment:debit_cards": "no",
        "vending": "coffee"
      },
      "geometry": {
        "type": "Point",
        "coordinates": [
          24.7293097,
          42.1203407
        ]
      },
      "id": "node/13752820550"
    },
    {
      "type": "Feature",
      "properties": {
        "@id": "node/13752820551",
        "amenity": "vending_machine",
        "check_date": "2026-07-05",
        "currency:EUR": "yes",
        "food": "snacks",
        "level": "0",
        "payment:cards": "no",
        "payment:cash": "yes",
        "payment:coins": "yes",
        "payment:credit_cards": "no",
        "payment:debit_cards": "no",
        "vending": "food;drinks"
      },
      "geometry": {
        "type": "Point",
        "coordinates": [
          24.7292906,
          42.1203169
        ]
      },
      "id": "node/13752820551"
    },
    {
      "type": "Feature",
      "properties": {
        "@id": "node/13758916601",
        "addr:housenumber": "1",
        "addr:street": "Vasil Aprilov",
        "amenity": "vending_machine",
        "check_date": "2026-04-24",
        "operator": "Vend Corp",
        "vending": "coffee"
      },
      "geometry": {
        "type": "Point",
        "coordinates": [
          25.6267542,
          42.4237491
        ]
      },
      "id": "node/13758916601"
    },
    {
      "type": "Feature",
      "properties": {
        "@id": "node/13758965867",
        "amenity": "vending_machine",
        "currency:EUR": "yes",
        "payment:cash": "yes",
        "payment:coins": "yes",
        "payment:contactless": "yes",
        "payment:credit_cards": "yes",
        "payment:debit_cards": "yes",
        "payment:diners_club": "yes",
        "payment:mastercard": "yes",
        "payment:notes": "yes",
        "payment:visa": "yes",
        "vending": "public_transport_tickets"
      },
      "geometry": {
        "type": "Point",
        "coordinates": [
          25.6444157,
          42.4340032
        ]
      },
      "id": "node/13758965867"
    },
    {
      "type": "Feature",
      "properties": {
        "@id": "node/13758970601",
        "amenity": "vending_machine",
        "vending": "coffee"
      },
      "geometry": {
        "type": "Point",
        "coordinates": [
          25.6447078,
          42.4271642
        ]
      },
      "id": "node/13758970601"
    },
    {
      "type": "Feature",
      "properties": {
        "@id": "node/13765723198",
        "amenity": "vending_machine",
        "vending": "coffee"
      },
      "geometry": {
        "type": "Point",
        "coordinates": [
          24.767404,
          42.1291075
        ]
      },
      "id": "node/13765723198"
    },
    {
      "type": "Feature",
      "properties": {
        "@id": "node/13767212601",
        "amenity": "vending_machine",
        "check_date": "2026-04-27",
        "operator": "Vendicom Bulgaria",
        "vending": "coffee"
      },
      "geometry": {
        "type": "Point",
        "coordinates": [
          25.6307048,
          42.4246215
        ]
      },
      "id": "node/13767212601"
    },
    {
      "type": "Feature",
      "properties": {
        "@id": "node/13788676484",
        "amenity": "vending_machine",
        "vending": "coffee"
      },
      "geometry": {
        "type": "Point",
        "coordinates": [
          25.4734133,
          42.9735966
        ]
      },
      "id": "node/13788676484"
    },
    {
      "type": "Feature",
      "properties": {
        "@id": "node/13811467322",
        "amenity": "vending_machine",
        "indoor": "yes",
        "vending": "food;drinks"
      },
      "geometry": {
        "type": "Point",
        "coordinates": [
          24.734137,
          42.1238382
        ]
      },
      "id": "node/13811467322"
    },
    {
      "type": "Feature",
      "properties": {
        "@id": "node/13817852197",
        "amenity": "vending_machine",
        "vending": "coffee"
      },
      "geometry": {
        "type": "Point",
        "coordinates": [
          27.9083652,
          43.2036903
        ]
      },
      "id": "node/13817852197"
    },
    {
      "type": "Feature",
      "properties": {
        "@id": "node/13824263025",
        "amenity": "vending_machine",
        "indoor": "yes",
        "payment:coins": "yes",
        "payment:notes": "no",
        "vending": "public_transport_tickets"
      },
      "geometry": {
        "type": "Point",
        "coordinates": [
          23.4161353,
          42.6884859
        ]
      },
      "id": "node/13824263025"
    },
    {
      "type": "Feature",
      "properties": {
        "@id": "node/13824263026",
        "amenity": "vending_machine",
        "indoor": "yes",
        "payment:coins": "yes",
        "payment:notes": "no",
        "vending": "public_transport_tickets"
      },
      "geometry": {
        "type": "Point",
        "coordinates": [
          23.416136,
          42.6885323
        ]
      },
      "id": "node/13824263026"
    },
    {
      "type": "Feature",
      "properties": {
        "@id": "node/13831497250",
        "amenity": "vending_machine",
        "check_date": "2026-05-15",
        "payment:cash": "yes",
        "payment:credit_cards": "yes",
        "payment:debit_cards": "yes",
        "vending": "coffee"
      },
      "geometry": {
        "type": "Point",
        "coordinates": [
          23.3996966,
          42.6561594
        ]
      },
      "id": "node/13831497250"
    },
    {
      "type": "Feature",
      "properties": {
        "@id": "node/13831497251",
        "amenity": "vending_machine",
        "check_date": "2026-05-17",
        "payment:cash": "yes",
        "vending": "coffee"
      },
      "geometry": {
        "type": "Point",
        "coordinates": [
          23.4007278,
          42.6526627
        ]
      },
      "id": "node/13831497251"
    },
    {
      "type": "Feature",
      "properties": {
        "@id": "node/13831512280",
        "amenity": "vending_machine",
        "check_date": "2026-05-15",
        "indoor": "yes",
        "payment:cash": "yes",
        "vending": "coffee"
      },
      "geometry": {
        "type": "Point",
        "coordinates": [
          23.403908,
          42.6468913
        ]
      },
      "id": "node/13831512280"
    },
    {
      "type": "Feature",
      "properties": {
        "@id": "node/13835796511",
        "amenity": "vending_machine",
        "currency:EUR": "yes",
        "payment:coins": "yes",
        "vending": "food;water"
      },
      "geometry": {
        "type": "Point",
        "coordinates": [
          24.7364037,
          42.1410579
        ]
      },
      "id": "node/13835796511"
    },
    {
      "type": "Feature",
      "properties": {
        "@id": "node/13840853616",
        "amenity": "vending_machine",
        "vending": "coffee"
      },
      "geometry": {
        "type": "Point",
        "coordinates": [
          23.2707267,
          42.7254427
        ]
      },
      "id": "node/13840853616"
    },
    {
      "type": "Feature",
      "properties": {
        "@id": "node/13844241114",
        "amenity": "vending_machine",
        "count": "2",
        "operator": "Lidl",
        "vending": "bottle_return"
      },
      "geometry": {
        "type": "Point",
        "coordinates": [
          23.2483311,
          42.7323824
        ]
      },
      "id": "node/13844241114"
    },
    {
      "type": "Feature",
      "properties": {
        "@id": "node/13852588372",
        "amenity": "vending_machine",
        "check_date": "2026-07-05",
        "currency:EUR": "yes",
        "level": "0",
        "payment:cards": "no",
        "payment:coins": "yes",
        "payment:credit_cards": "no",
        "payment:debit_cards": "no",
        "vending": "coffee"
      },
      "geometry": {
        "type": "Point",
        "coordinates": [
          24.7293171,
          42.1203505
        ]
      },
      "id": "node/13852588372"
    },
    {
      "type": "Feature",
      "properties": {
        "@id": "node/13854660975",
        "amenity": "vending_machine",
        "name": "Българско наследство",
        "name:en": "Legacy Token",
        "vending": "souvenir_coin"
      },
      "geometry": {
        "type": "Point",
        "coordinates": [
          23.3310999,
          42.6964523
        ]
      },
      "id": "node/13854660975"
    },
    {
      "type": "Feature",
      "properties": {
        "@id": "node/13856072901",
        "amenity": "vending_machine"
      },
      "geometry": {
        "type": "Point",
        "coordinates": [
          23.3734721,
          42.6603293
        ]
      },
      "id": "node/13856072901"
    },
    {
      "type": "Feature",
      "properties": {
        "@id": "node/13877761324",
        "amenity": "vending_machine",
        "check_date": "2026-05-25",
        "vending": "coffee"
      },
      "geometry": {
        "type": "Point",
        "coordinates": [
          23.4065894,
          42.6065361
        ]
      },
      "id": "node/13877761324"
    },
    {
      "type": "Feature",
      "properties": {
        "@id": "node/13877761325",
        "amenity": "vending_machine",
        "check_date": "2026-05-25",
        "vending": "food"
      },
      "geometry": {
        "type": "Point",
        "coordinates": [
          23.4065873,
          42.6065639
        ]
      },
      "id": "node/13877761325"
    },
    {
      "type": "Feature",
      "properties": {
        "@id": "node/13890862124",
        "amenity": "vending_machine",
        "vending": "coffee"
      },
      "geometry": {
        "type": "Point",
        "coordinates": [
          25.5408123,
          41.8294974
        ]
      },
      "id": "node/13890862124"
    },
    {
      "type": "Feature",
      "properties": {
        "@id": "node/13890986597",
        "amenity": "vending_machine",
        "indoor": "yes",
        "vending": "food;drinks"
      },
      "geometry": {
        "type": "Point",
        "coordinates": [
          24.7340613,
          42.1238277
        ]
      },
      "id": "node/13890986597"
    },
    {
      "type": "Feature",
      "properties": {
        "@id": "node/13890986598",
        "amenity": "vending_machine",
        "indoor": "yes",
        "vending": "drinks"
      },
      "geometry": {
        "type": "Point",
        "coordinates": [
          24.7340966,
          42.1238495
        ]
      },
      "id": "node/13890986598"
    },
    {
      "type": "Feature",
      "properties": {
        "@id": "node/13890986599",
        "amenity": "vending_machine",
        "indoor": "yes",
        "vending": "drinks"
      },
      "geometry": {
        "type": "Point",
        "coordinates": [
          24.734044,
          42.1238335
        ]
      },
      "id": "node/13890986599"
    },
    {
      "type": "Feature",
      "properties": {
        "@id": "node/13890986600",
        "amenity": "vending_machine",
        "indoor": "yes",
        "vending": "coffee"
      },
      "geometry": {
        "type": "Point",
        "coordinates": [
          24.7340819,
          42.1238209
        ]
      },
      "id": "node/13890986600"
    },
    {
      "type": "Feature",
      "properties": {
        "@id": "node/13893785996",
        "amenity": "vending_machine",
        "vending": "coffee"
      },
      "geometry": {
        "type": "Point",
        "coordinates": [
          24.7527243,
          42.1482484
        ]
      },
      "id": "node/13893785996"
    },
    {
      "type": "Feature",
      "properties": {
        "@id": "node/13901696369",
        "amenity": "vending_machine",
        "vending": "coffee"
      },
      "geometry": {
        "type": "Point",
        "coordinates": [
          27.9276456,
          43.220432
        ]
      },
      "id": "node/13901696369"
    },
    {
      "type": "Feature",
      "properties": {
        "@id": "node/13915152702",
        "amenity": "vending_machine",
        "vending": "coffee"
      },
      "geometry": {
        "type": "Point",
        "coordinates": [
          24.7389473,
          42.1244021
        ]
      },
      "id": "node/13915152702"
    },
    {
      "type": "Feature",
      "properties": {
        "@id": "node/13919774123",
        "amenity": "vending_machine",
        "vending": "toys"
      },
      "geometry": {
        "type": "Point",
        "coordinates": [
          23.1442435,
          42.7071377
        ]
      },
      "id": "node/13919774123"
    },
    {
      "type": "Feature",
      "properties": {
        "@id": "node/13927852315",
        "amenity": "vending_machine",
        "vending": "coffee"
      },
      "geometry": {
        "type": "Point",
        "coordinates": [
          27.8998416,
          43.2120548
        ]
      },
      "id": "node/13927852315"
    },
    {
      "type": "Feature",
      "properties": {
        "@id": "node/13927861047",
        "amenity": "vending_machine",
        "vending": "coffee"
      },
      "geometry": {
        "type": "Point",
        "coordinates": [
          27.8994796,
          43.2123428
        ]
      },
      "id": "node/13927861047"
    },
    {
      "type": "Feature",
      "properties": {
        "@id": "node/13927884010",
        "amenity": "vending_machine",
        "vending": "coffee"
      },
      "geometry": {
        "type": "Point",
        "coordinates": [
          27.9006257,
          43.2116586
        ]
      },
      "id": "node/13927884010"
    },
    {
      "type": "Feature",
      "properties": {
        "@id": "node/13942623643",
        "amenity": "vending_machine",
        "vending": "drinks;food"
      },
      "geometry": {
        "type": "Point",
        "coordinates": [
          24.7496928,
          42.1382872
        ]
      },
      "id": "node/13942623643"
    },
    {
      "type": "Feature",
      "properties": {
        "@id": "node/13942623644",
        "amenity": "vending_machine",
        "vending": "coffee"
      },
      "geometry": {
        "type": "Point",
        "coordinates": [
          24.7496607,
          42.1382651
        ]
      },
      "id": "node/13942623644"
    },
    {
      "type": "Feature",
      "properties": {
        "@id": "node/13948188278",
        "amenity": "vending_machine",
        "brand": "Spetema",
        "drink:coffee": "yes",
        "drink:hot_chocolate": "yes",
        "drink:tea": "yes",
        "payment:coins": "yes",
        "payment:contactless": "yes",
        "vending": "coffee"
      },
      "geometry": {
        "type": "Point",
        "coordinates": [
          23.3305012,
          42.6744277
        ]
      },
      "id": "node/13948188278"
    },
    {
      "type": "Feature",
      "properties": {
        "@id": "node/13948188279",
        "amenity": "vending_machine",
        "brand": "Spetema",
        "drink:coffee": "yes",
        "drink:hot_chocolate": "yes",
        "drink:tea": "yes",
        "payment:coins": "yes",
        "payment:contactless": "yes",
        "vending": "coffee"
      },
      "geometry": {
        "type": "Point",
        "coordinates": [
          23.3305104,
          42.6744176
        ]
      },
      "id": "node/13948188279"
    },
    {
      "type": "Feature",
      "properties": {
        "@id": "node/13948188280",
        "amenity": "vending_machine",
        "payment:coins": "yes",
        "payment:contactless": "yes",
        "payment:notes": "yes",
        "vending": "food"
      },
      "geometry": {
        "type": "Point",
        "coordinates": [
          23.3304922,
          42.6744375
        ]
      },
      "id": "node/13948188280"
    },
    {
      "type": "Feature",
      "properties": {
        "@id": "node/13958378268",
        "amenity": "vending_machine",
        "food": "snacks",
        "level": "0.5",
        "payment:coins": "yes",
        "payment:debit_cards": "yes",
        "vending": "food"
      },
      "geometry": {
        "type": "Point",
        "coordinates": [
          23.3082376,
          42.6864372
        ]
      },
      "id": "node/13958378268"
    },
    {
      "type": "Feature",
      "properties": {
        "@id": "node/13958378269",
        "amenity": "vending_machine",
        "food": "snacks",
        "level": "0.5",
        "payment:coins": "yes",
        "payment:debit_cards": "yes",
        "vending": "drinks"
      },
      "geometry": {
        "type": "Point",
        "coordinates": [
          23.3082422,
          42.6864293
        ]
      },
      "id": "node/13958378269"
    },
    {
      "type": "Feature",
      "properties": {
        "@id": "node/13974112936",
        "amenity": "vending_machine",
        "vending": "coffee"
      },
      "geometry": {
        "type": "Point",
        "coordinates": [
          23.7158274,
          43.1445429
        ]
      },
      "id": "node/13974112936"
    },
    {
      "type": "Feature",
      "properties": {
        "@id": "node/13974112937",
        "amenity": "vending_machine",
        "vending": "coffee"
      },
      "geometry": {
        "type": "Point",
        "coordinates": [
          23.7203622,
          43.1470816
        ]
      },
      "id": "node/13974112937"
    },
    {
      "type": "Feature",
      "properties": {
        "@id": "node/13974112938",
        "amenity": "vending_machine",
        "vending": "coffee"
      },
      "geometry": {
        "type": "Point",
        "coordinates": [
          23.7103608,
          43.1419423
        ]
      },
      "id": "node/13974112938"
    },
    {
      "type": "Feature",
      "properties": {
        "@id": "node/13974112943",
        "amenity": "vending_machine",
        "vending": "coffee"
      },
      "geometry": {
        "type": "Point",
        "coordinates": [
          23.7128397,
          43.1435758
        ]
      },
      "id": "node/13974112943"
    },
    {
      "type": "Feature",
      "properties": {
        "@id": "node/13974112944",
        "amenity": "vending_machine",
        "vending": "food"
      },
      "geometry": {
        "type": "Point",
        "coordinates": [
          23.7128832,
          43.1436075
        ]
      },
      "id": "node/13974112944"
    },
    {
      "type": "Feature",
      "properties": {
        "@id": "node/13975275952",
        "amenity": "vending_machine",
        "check_date": "2026-06-29",
        "cuisine": "dairy",
        "description": "Автоматът предлага прясно и кисело мляко, таратор, мармалад, сирене и кашкавал.",
        "operator": "мандра Равно Поле",
        "payment:coins": "yes",
        "payment:contactless": "yes",
        "payment:notes": "yes",
        "phone": "+359 88 989 9418",
        "vending": "food"
      },
      "geometry": {
        "type": "Point",
        "coordinates": [
          23.3277851,
          42.6888645
        ]
      },
      "id": "node/13975275952"
    },
    {
      "type": "Feature",
      "properties": {
        "@id": "node/13975419190",
        "amenity": "vending_machine",
        "check_date": "2026-06-29",
        "payment:coins": "yes",
        "payment:contactless": "yes",
        "payment:notes": "yes",
        "vending": "parking_tickets"
      },
      "geometry": {
        "type": "Point",
        "coordinates": [
          23.7124985,
          43.14214
        ]
      },
      "id": "node/13975419190"
    },
    {
      "type": "Feature",
      "properties": {
        "@id": "node/13975419191",
        "amenity": "vending_machine",
        "vending": "coffee"
      },
      "geometry": {
        "type": "Point",
        "coordinates": [
          23.7083669,
          43.1428815
        ]
      },
      "id": "node/13975419191"
    },
    {
      "type": "Feature",
      "properties": {
        "@id": "node/13978377670",
        "amenity": "vending_machine",
        "check_date": "2026-06-30",
        "count": "2",
        "level": "0",
        "operator": "Kaufland",
        "vending": "bottle_return"
      },
      "geometry": {
        "type": "Point",
        "coordinates": [
          23.3017644,
          42.7112205
        ]
      },
      "id": "node/13978377670"
    },
    {
      "type": "Feature",
      "properties": {
        "@id": "node/13984073058",
        "amenity": "vending_machine"
      },
      "geometry": {
        "type": "Point",
        "coordinates": [
          27.4650877,
          42.5217691
        ]
      },
      "id": "node/13984073058"
    },
    {
      "type": "Feature",
      "properties": {
        "@id": "node/13993366811",
        "amenity": "vending_machine",
        "check_date": "2026-07-06",
        "covered": "yes",
        "level": "0",
        "operator": "Иновaтив Вендинг Солюшънс ООД",
        "payment:coins": "yes",
        "payment:notes": "yes",
        "ref": "137",
        "ref:vatin": "BG206614555",
        "vending": "coffee",
        "website": "https://ivending.bg",
        "wheelchair": "no"
      },
      "geometry": {
        "type": "Point",
        "coordinates": [
          23.2855087,
          42.6785618
        ]
      },
      "id": "node/13993366811"
    },
    {
      "type": "Feature",
      "properties": {
        "@id": "node/13993366812",
        "amenity": "vending_machine",
        "check_date": "2026-07-06",
        "covered": "yes",
        "level": "0",
        "operator": "Иновaтив Вендинг Солюшънс ООД",
        "payment:coins": "yes",
        "payment:notes": "yes",
        "ref": "138",
        "ref:vatin": "BG206614555",
        "vending": "drinks;food",
        "website": "https://ivending.bg",
        "wheelchair": "yes"
      },
      "geometry": {
        "type": "Point",
        "coordinates": [
          23.2855163,
          42.6785559
        ]
      },
      "id": "node/13993366812"
    },
    {
      "type": "Feature",
      "properties": {
        "@id": "node/13995904442",
        "amenity": "vending_machine",
        "vending": "parking_tickets"
      },
      "geometry": {
        "type": "Point",
        "coordinates": [
          24.7411006,
          42.1228295
        ]
      },
      "id": "node/13995904442"
    },
    {
      "type": "Feature",
      "properties": {
        "@id": "node/13999862673",
        "amenity": "vending_machine",
        "currency:EUR": "yes",
        "indoor": "no",
        "level": "0",
        "payment:cash": "yes",
        "payment:coins": "yes",
        "vending": "drinks;food"
      },
      "geometry": {
        "type": "Point",
        "coordinates": [
          23.3587672,
          42.6747871
        ]
      },
      "id": "node/13999862673"
    },
    {
      "type": "Feature",
      "properties": {
        "@id": "node/13999862674",
        "amenity": "vending_machine",
        "currency:EUR": "yes",
        "indoor": "no",
        "level": "0",
        "payment:coins": "yes",
        "vending": "coffee"
      },
      "geometry": {
        "type": "Point",
        "coordinates": [
          23.3587564,
          42.6747945
        ]
      },
      "id": "node/13999862674"
    },
    {
      "type": "Feature",
      "properties": {
        "@id": "node/14000145137",
        "amenity": "vending_machine",
        "currency:EUR": "yes",
        "description": "Sells lavazza espresso, lavazza long espresso, lavazza coffee with cream, lavazza capuccino, nescafe, nescafe long, chocolate, chocolate with milk, tea, capuccino whisky. the operating group is covered and cant be read",
        "indoor": "no",
        "level": "0",
        "payment:coins": "yes",
        "vending": "coffee"
      },
      "geometry": {
        "type": "Point",
        "coordinates": [
          23.3195014,
          42.7022269
        ]
      },
      "id": "node/14000145137"
    },
    {
      "type": "Feature",
      "properties": {
        "@id": "node/14004097369",
        "amenity": "vending_machine",
        "drink:coffee": "yes",
        "vending": "drinks"
      },
      "geometry": {
        "type": "Point",
        "coordinates": [
          27.714884,
          42.6650515
        ]
      },
      "id": "node/14004097369"
    },
    {
      "type": "Feature",
      "properties": {
        "@id": "node/14006002125",
        "amenity": "vending_machine",
        "currency:EUR": "yes",
        "payment:coins": "yes",
        "vending": "coffee"
      },
      "geometry": {
        "type": "Point",
        "coordinates": [
          23.3737472,
          42.665851
        ]
      },
      "id": "node/14006002125"
    },
    {
      "type": "Feature",
      "properties": {
        "@id": "node/14006002126",
        "amenity": "vending_machine",
        "currency:EUR": "yes",
        "payment:coins": "yes",
        "vending": "food;drinks"
      },
      "geometry": {
        "type": "Point",
        "coordinates": [
          23.3737533,
          42.6658485
        ]
      },
      "id": "node/14006002126"
    },
    {
      "type": "Feature",
      "properties": {
        "@id": "node/14006002127",
        "amenity": "vending_machine",
        "currency:EUR": "yes",
        "payment:coins": "yes",
        "vending": "elongated_coin"
      },
      "geometry": {
        "type": "Point",
        "coordinates": [
          23.3323993,
          42.6958223
        ]
      },
      "id": "node/14006002127"
    },
    {
      "type": "Feature",
      "properties": {
        "@id": "node/14006002128",
        "amenity": "vending_machine",
        "currency:EUR": "yes",
        "payment:coins": "yes",
        "vending": "elongated_coin"
      },
      "geometry": {
        "type": "Point",
        "coordinates": [
          23.3324105,
          42.6958214
        ]
      },
      "id": "node/14006002128"
    }
  ]
}